Integrated;lactate_224;lactate_225;lactate_226;lactate_227;pyruvate_357;pyruvate_358;pyruvate_359;pyruvate_360;fumarate_385;fumarate_386;fumarate_387;fumarate_388;fumarate_389;succinate_387;succinate_388;succinate_389;succinate_390;succinate_391;malate_403;malate_404;malate_405;malate_406;malate_407;isocitrate_443;isocitrate_444;isocitrate_445;isocitrate_446;isocitrate_447;isocitrate_448;isocitrate_449;citrate_443;citrate_444;citrate_445;citrate_446;citrate_447;citrate_448;citrate_449;oxaloacetate_536;oxaloacetate_537;oxaloacetate_538;oxaloacetate_539;oxaloacetate_540;2-oxoglutarate_550;2-oxoglutarate_551;2-oxoglutarate_552;2-oxoglutarate_553;2-oxoglutarate_554;2-oxoglutarate_555;cis-aconitate_578;cis-aconitate_579;cis-aconitate_580;cis-aconitate_581;cis-aconitate_582;cis-aconitate_583;cis-aconitate_584;glycerate_240;glycerate_241;glycerate_242;glycerate_243;glycolate_210;glycolate_211;glycolate_212;2-hydroxyglutarate_417;2-hydroxyglutarate_418;2-hydroxyglutarate_419;2-hydroxyglutarate_420;2-hydroxyglutarate_421;2-hydroxyglutarate_422;oxalate_359;oxalate_360;oxalate_361;itaconate_399;itaconate_400;itaconate_401;itaconate_402;itaconate_403;itaconate_404
;Time: 3.8 to 4.2 Mass: 224.0579 to 224.0779;Time: 3.8 to 4.2 Mass: 225.0579 to 225.0779;Time: 3.8 to 4.2 Mass: 226.0579 to 226.0779;Time: 3.8 to 4.2 Mass: 227.0579 to 227.0779;Time: 7.85 to 8.1 Mass: 357.0852 to 357.1052;Time: 7.85 to 8.1 Mass: 358.0852 to 358.1052;Time: 7.85 to 8.1 Mass: 359.0852 to 359.1052;Time: 7.85 to 8.1 Mass: 360.0852 to 360.1052;Time: 6.25 to 6.6 Mass: 385.0798 to 385.0998;Time: 6.25 to 6.6 Mass: 386.0798 to 386.0998;Time: 6.25 to 6.6 Mass: 387.0798 to 387.0998;Time: 6.25 to 6.6 Mass: 388.0798 to 388.0998;Time: 6.25 to 6.6 Mass: 389.0798 to 389.0998;Time: 5.8 to 6.05 Mass: 387.0955 to 387.1155;Time: 5.8 to 6.05 Mass: 388.0955 to 388.1155;Time: 5.8 to 6.05 Mass: 389.0955 to 389.1155;Time: 5.8 to 6.05 Mass: 390.0955 to 390.1155;Time: 5.8 to 6.05 Mass: 391.0955 to 391.1155;Time: 5.5 to 5.8 Mass: 403.0908 to 403.1108;Time: 5.5 to 5.8 Mass: 404.0908 to 404.1108;Time: 5.5 to 5.8 Mass: 405.0908 to 405.1108;Time: 5.5 to 5.8 Mass: 406.0908 to 406.1108;Time: 5.5 to 5.8 Mass: 407.0908 to 407.1108;Time: 5.75 to 5.95 Mass: 443.0852 to 443.1052;Time: 5.75 to 5.95 Mass: 444.0852 to 444.1052;Time: 5.75 to 5.95 Mass: 445.0852 to 445.1052;Time: 5.75 to 5.95 Mass: 446.0852 to 446.1052;Time: 5.75 to 5.95 Mass: 447.0852 to 447.1052;Time: 5.75 to 5.95 Mass: 448.0852 to 448.1052;Time: 5.75 to 5.95 Mass: 449.0852 to 449.1052;Time: 6.17 to 6.4 Mass: 443.0852 to 443.1052;Time: 6.17 to 6.4 Mass: 444.0852 to 444.1052;Time: 6.17 to 6.4 Mass: 445.0852 to 445.1052;Time: 6.17 to 6.4 Mass: 446.0852 to 446.1052;Time: 6.17 to 6.4 Mass: 447.0852 to 447.1052;Time: 6.17 to 6.4 Mass: 448.0852 to 448.1052;Time: 6.17 to 6.4 Mass: 449.0852 to 449.1052;Time: 8.2 to 8.35 Mass: 536.1179 to 536.1379;Time: 8.2 to 8.35 Mass: 537.1179 to 537.1379;Time: 8.2 to 8.35 Mass: 538.1179 to 538.1379;Time: 8.2 to 8.35 Mass: 539.1179 to 539.1379;Time: 8.2 to 8.35 Mass: 540.1179 to 540.1379;Time: 8.3 to 8.6 Mass: 550.1338 to 550.1538;Time: 8.3 to 8.6 Mass: 551.1338 to 551.1538;Time: 8.3 to 8.6 Mass: 552.1338 to 552.1538;Time: 8.3 to 8.6 Mass: 553.1338 to 553.1538;Time: 8.3 to 8.6 Mass: 554.1338 to 554.1538;Time: 8.3 to 8.6 Mass: 555.1338 to 555.1538;Time: 7.27 to 7.45 Mass: 578.1291 to 578.1491;Time: 7.27 to 7.45 Mass: 579.1291 to 579.1491;Time: 7.27 to 7.45 Mass: 580.1291 to 580.1491;Time: 7.27 to 7.45 Mass: 581.1291 to 581.1491;Time: 7.27 to 7.45 Mass: 582.1291 to 582.1491;Time: 7.27 to 7.45 Mass: 583.1291 to 583.1491;Time: 7.27 to 7.45 Mass: 584.1291 to 584.1491;Time: 3.07 to 3.22 Mass: 240.0532 to 240.0732;Time: 3.07 to 3.22 Mass: 241.0532 to 241.0732;Time: 3.07 to 3.22 Mass: 242.0532 to 242.0732;Time: 3.07 to 3.22 Mass: 243.0532 to 243.0732;Time: 3.4 to 3.62 Mass: 210.0427 to 210.0627;Time: 3.4 to 3.62 Mass: 211.0427 to 211.0627;Time: 3.4 to 3.62 Mass: 212.0427 to 212.0627;Time: 5.67 to 5.85 Mass: 417.1073 to 417.1273;Time: 5.67 to 5.85 Mass: 418.1073 to 418.1273;Time: 5.67 to 5.85 Mass: 419.1073 to 419.1273;Time: 5.67 to 5.85 Mass: 420.1073 to 420.1273;Time: 5.67 to 5.85 Mass: 421.1073 to 421.1273;Time: 5.67 to 5.85 Mass: 422.1073 to 422.1273;Time: 6.45 to 6.75 Mass: 359.0646 to 359.0846;Time: 6.45 to 6.75 Mass: 360.0646 to 360.0846;Time: 6.45 to 6.75 Mass: 361.0646 to 361.0846;Time: 6.07 to 6.22 Mass: 399.0959 to 399.1159;Time: 6.07 to 6.22 Mass: 400.0959 to 400.1159;Time: 6.07 to 6.22 Mass: 401.0959 to 401.1159;Time: 6.07 to 6.22 Mass: 402.0959 to 402.1159;Time: 6.07 to 6.22 Mass: 403.0959 to 403.1159;Time: 6.07 to 6.22 Mass: 404.0959 to 404.1159
010_blank_50% MeOH.cdf;1584.6;5157.0;1321.1;363.3;521.1;0.0;0.0;0.0;614.9;0.0;3282.9;0.0;0.0;489.4;403.9;443.3;0.0;445.1;17535.7;1155.2;1663.7;1096.8;416.7;1004.1;463.5;652.5;933.9;424.9;0.0;0.0;6661.6;914.5;1306.1;1011.7;1615.3;0.0;0.0;691.2;1010.0;0.0;2051.4;0.0;124042.6;40466.7;6158.2;0.0;0.0;588.5;0.0;894.6;852.0;0.0;483.6;0.0;0.0;1141.8;1424.1;891.9;1270.6;399.1;2616.9;871.2;0.0;0.0;1403.7;546.6;505.6;0.0;5661.6;1711.0;998.3;0.0;765.0;1034.3;429.4;919.3;0.0
011_extraction blank.cdf;7477285.2;633308.0;60820.6;0.0;280499.1;55011.1;8252.6;553.9;13743.1;1017.6;1294.9;0.0;0.0;269325.0;48376.7;9898.5;1089.6;932.0;265317.5;50498.9;5896.5;1192.7;0.0;1774.2;605.7;1193.5;784.4;0.0;1010.6;2202.6;44196.7;8187.9;216118.0;5148.5;8929.4;0.0;0.0;3618.2;589.2;0.0;0.0;865.7;172724.1;56614.2;7113.6;538.1;2055.0;1258.9;0.0;0.0;437.1;0.0;1520.3;0.0;1533.4;12872.8;2952.8;324.2;1075.4;126038.4;16468.1;1983.1;6347.7;1158.9;2510.8;1400.6;456.1;684.7;174973.2;36370.1;6558.9;1078.3;0.0;7558.7;476.4;10012.6;1051.2
013_1 uM std mix.cdf;6043207.6;498873.9;32291.6;0.0;2617813.1;454052.2;68813.7;9907.7;3272493.0;597490.0;104453.5;5859.0;0.0;3424268.3;631350.4;99721.9;8557.3;927.8;3358710.1;612560.7;109127.3;2769.6;0.0;1283828.0;252878.7;55186.9;4728.7;0.0;17321.9;9583.2;546031.8;112897.9;374167.0;8640.0;12106.8;0.0;0.0;443231.5;122016.3;23813.3;2516.6;596.0;5385486.3;1432709.3;274113.3;49396.2;3295.6;1144.9;316603.7;93705.2;21930.0;3027.4;535.7;410.1;677.2;647388.8;62352.2;9189.6;1873.6;1522127.0;141154.8;21712.7;1362092.1;268359.3;49992.8;6662.1;0.0;0.0;611200.0;111138.3;21216.2;2333008.3;474464.9;79414.5;11704.1;16894.7;3534.7
014_10 uM std mix.cdf;16302302.3;1337624.2;137413.5;0.0;23024695.8;3698846.0;496721.0;51727.1;27148776.9;4796822.2;685827.4;71093.3;0.0;23174728.2;4063105.6;583218.6;72550.4;536.4;37716311.4;6538871.8;962667.6;118447.7;897.2;9022755.5;1675807.1;280421.8;32873.7;7123.0;17661.9;4341.2;3641209.1;850640.5;388421.2;32518.5;3436.5;0.0;0.0;3453050.8;947554.9;173353.5;27002.7;2013.7;55532499.0;13927144.6;2360050.1;379689.8;20289.5;1317.6;2919266.2;861140.6;170942.7;33671.3;3863.0;452.5;1336.9;6075429.9;543448.4;78399.3;3368.7;14076566.0;1145423.2;154497.7;13967174.2;2510238.9;406858.1;52862.6;1467.3;0.0;5822546.8;927577.9;132408.7;14040148.2;2509250.8;396896.9;48191.1;61612.9;8529.4
015_50 uM std mix.cdf;53790527.9;5171847.4;516580.0;9094.3;80277529.6;12955643.1;1567084.1;151900.1;84799612.9;14156401.7;1877012.1;210161.6;0.0;94006377.4;16445951.1;2124296.6;258773.3;564.0;103051461.3;19297306.4;2821421.5;346344.8;0.0;21625697.2;4208655.4;639651.3;84087.4;0.0;3475.7;0.0;20123229.0;3863232.4;838115.5;101535.0;1160.3;0.0;0.0;15841811.0;4054374.4;749503.9;114436.2;8874.9;165171584.5;44731554.5;7877007.9;1141037.2;60447.6;1567.2;19426245.5;5378525.2;1101106.3;175092.2;17585.7;0.0;0.0;23189045.3;2227326.6;294597.1;17014.2;55648777.8;4868079.6;559744.1;60410469.3;11135523.3;1580411.1;210139.1;0.0;513.7;25756671.3;4059093.8;582925.3;79682227.6;14391898.5;1907790.6;239909.7;187396.3;20962.2
016_100 uM std mix.cdf;84783682.1;8670315.0;843445.5;18415.9;109493082.0;19144061.8;2161550.7;228013.1;136657017.9;23099430.9;3055950.5;339983.9;0.0;131838930.6;25336648.8;3374965.5;376210.4;0.0;138088892.2;27983778.7;3990743.2;492108.2;1084.3;37757253.2;7684099.6;1059057.6;140271.2;1306.1;0.0;0.0;37441970.2;7295103.0;1390357.1;175410.3;3057.5;0.0;0.0;31924559.8;7946595.3;1349700.2;215727.1;3831.1;215923163.1;61350382.9;11184021.7;1619278.0;82399.4;1461.2;38809317.6;10319237.8;1811819.2;278018.5;9844.4;583.1;0.0;45577795.7;4313917.0;525827.8;41867.3;89203779.2;8383674.8;951872.0;80911874.9;14885092.0;2137693.8;254746.2;0.0;0.0;53611174.9;7773331.4;1123698.1;103580760.1;19687290.4;2560872.6;311616.9;149515.0;17020.1
018_O1.cdf;11443995.8;934583.0;104900.6;0.0;5266938.5;798014.8;111214.0;9217.2;8483047.8;1497172.9;218298.4;17205.7;0.0;18218153.7;3055554.8;473564.5;59777.7;1957.9;293740912.4;79391044.7;11442856.8;1315763.4;999.5;1660140.3;332300.4;61846.9;7136.3;5944.6;3449.1;5013.9;78539164.5;15314444.4;2436540.0;341282.9;16865.6;0.0;0.0;66636.5;14685.9;1682.3;2880.8;0.0;350577021.1;103844152.2;18770117.8;2630310.8;161420.9;2483.7;104099.2;24216.6;15471.2;435.4;560.6;0.0;0.0;4145132.2;362892.7;53034.5;3155.4;405094.9;37527.8;2956.6;929954.7;173612.7;14136.0;0.0;0.0;0.0;139632605.6;24019585.2;3227771.5;38086.9;4352.3;1772.0;0.0;1378728.8;306922.9
019_O2.cdf;10168059.4;834685.1;76103.7;0.0;4623860.3;717530.5;98047.2;9539.8;9380471.3;1661822.9;254296.6;23824.9;0.0;26614162.9;4664497.0;677146.7;70188.8;793.9;260423096.6;67498301.5;9894869.3;1132116.3;0.0;1852939.3;380161.9;77209.4;6707.9;1096.7;4522.5;5313.3;80707432.5;15619051.3;2661943.2;341225.2;13182.3;0.0;0.0;61601.6;11168.9;1953.0;3779.4;1076.9;261650841.6;76842203.2;13826378.5;1929820.6;78810.0;1361.7;114466.5;32737.2;7611.4;0.0;612.3;1895.9;1344.9;2543211.7;245501.9;39308.9;1312.9;405810.9;42647.8;4031.5;542246.4;119258.2;9882.6;0.0;0.0;0.0;65580686.3;10476686.3;1332678.8;42437.5;5005.9;1203.2;1048.1;1063539.4;184749.5
020_O3.cdf;5389670.6;404480.4;44629.8;0.0;3986423.5;610534.0;77182.9;4835.3;8284362.0;1441723.3;223523.8;17997.4;0.0;21519375.8;3683209.2;544232.2;69044.7;442.5;283715331.1;75955908.0;10932275.4;1276115.1;0.0;1587029.1;337869.0;60368.2;9376.3;5070.1;5538.5;2263.4;74245535.1;14404704.9;2325653.5;292495.4;14435.8;0.0;0.0;87445.8;16539.4;1826.3;2495.8;686.4;336381299.9;98915703.9;17949986.0;2498405.6;154034.0;0.0;73016.2;17056.1;4141.0;0.0;1201.3;2745.6;1330.1;3287523.5;291806.7;51231.2;3253.5;705201.8;62593.5;9718.9;743621.3;133737.8;11217.9;0.0;0.0;0.0;107590404.3;17154807.6;2135745.4;35716.9;4140.0;572.5;497.4;1245920.8;252699.1
021_O4.cdf;4775754.3;357419.4;36201.2;0.0;4981050.2;772271.6;109460.8;12993.3;6972465.2;1226269.1;186318.1;19249.7;0.0;17471186.0;2950517.6;432736.5;55917.4;1305.5;245537945.3;62690484.7;9234033.8;1047600.5;1679.6;1458419.0;281813.0;58731.9;10246.2;6861.0;15073.5;5468.1;41839503.1;8214613.8;1577371.1;209294.1;14166.9;0.0;0.0;85351.3;28563.0;2289.1;2022.5;0.0;238177017.2;69321057.4;12410111.4;1778109.4;97735.8;362.3;58052.8;16906.8;7662.3;0.0;1389.6;0.0;2436.9;3224420.8;295494.5;44214.9;4275.1;405268.8;32973.5;4788.1;395004.8;78049.2;8705.5;0.0;0.0;0.0;146544081.7;25057372.2;3174429.9;24554.7;1312.5;1428.3;1524.0;761619.1;162868.8
022_O5.cdf;17331802.8;1624066.5;164374.9;0.0;6332725.5;986506.0;132080.9;19768.6;11643315.4;1990836.4;270532.4;26479.9;0.0;34604077.0;6046548.7;823018.8;106109.0;504.6;266479845.2;69924112.0;10240712.7;1153304.5;0.0;1509509.0;299121.4;51097.4;6712.7;3799.8;4219.0;1827.6;79003117.0;15410178.4;2515703.0;320087.5;4479.8;0.0;0.0;189905.6;59144.0;13023.3;1656.1;3417.0;254574733.0;74506366.8;13329117.4;1876840.3;119863.8;1746.2;143172.3;47284.1;6602.5;756.0;1322.8;0.0;0.0;3406038.9;320890.9;46300.9;3059.6;702492.2;58633.3;5094.9;673480.1;145026.1;9609.9;0.0;0.0;0.0;111560502.8;17949684.0;2172179.9;36879.8;2478.1;511.1;18352.9;954576.6;223326.7
023_O6.cdf;5529964.5;422521.8;33744.5;0.0;3709263.4;555417.1;73070.1;4702.7;6397516.0;1182923.1;181571.5;12946.1;0.0;15190769.9;2597649.8;387676.6;46941.4;564.7;294673157.8;79983047.9;11468371.2;1286683.1;0.0;1616362.1;342140.6;76720.4;14992.6;3127.1;4639.7;9097.6;74401388.5;14467182.6;4745761.8;707778.2;45966.1;0.0;0.0;114314.4;9120.3;0.0;6120.6;0.0;347673804.5;103003349.5;18952456.6;2638854.9;162075.3;0.0;73172.5;18369.1;11073.7;2127.4;807.8;672.1;0.0;4454862.3;429827.3;64737.0;6114.3;537506.8;51184.9;3540.1;1164413.4;231124.5;20989.8;0.0;0.0;0.0;153216807.2;27071364.5;3410632.2;46664.8;6075.4;4001.9;4320.3;971672.8;184252.9
024_O7.cdf;6628160.5;523145.8;42982.2;0.0;3072152.5;490071.9;57678.4;7493.9;5241541.1;884888.6;153330.8;18162.1;0.0;16651905.1;2845305.8;422662.0;54089.4;0.0;266789830.7;70145519.6;10089227.7;1125244.1;0.0;1148208.4;238990.2;59040.7;6631.2;1231.8;10083.8;16519.6;55292206.1;10694464.5;4205096.6;644926.4;25741.2;0.0;0.0;68188.9;13087.6;1882.1;7150.0;5588.4;326455853.3;96540008.0;17547105.7;2521786.5;117694.8;733.4;60642.8;12187.7;2471.1;1488.6;403.4;0.0;0.0;2594857.0;248655.9;38235.7;2455.4;593508.5;54109.1;10742.2;792885.1;136419.9;19941.2;0.0;0.0;0.0;120524306.6;20101622.1;2434274.1;22428.7;2841.1;1234.3;3428.2;642705.4;165177.7
025_O8.cdf;7013336.4;576155.8;47533.4;533.0;4901015.8;719043.2;103779.3;9335.1;9115695.6;1556795.4;227489.6;23560.7;0.0;27471976.1;5041427.8;691170.7;92529.3;2358.5;265703241.3;69670171.6;10168502.8;1168020.1;0.0;1742123.3;371104.2;79418.7;17535.1;3477.9;1439.3;8111.1;76199777.0;14873369.3;5544333.4;861063.5;52141.8;0.0;0.0;100177.6;18937.8;2309.4;13775.8;3549.6;291930225.5;86909060.5;15749286.1;2292125.3;116900.8;0.0;91306.8;34657.1;9470.3;3365.2;2419.0;0.0;1955.2;3832317.4;338714.9;48636.3;4457.9;650242.6;62875.4;8270.6;640605.1;138046.6;12969.1;0.0;0.0;404.1;146581548.9;25434993.5;3192787.3;32282.2;8697.7;2691.9;2915.3;873407.0;181935.9
026_O9.cdf;6474557.0;484752.8;44795.4;0.0;3422118.4;534140.6;73148.0;4587.7;5455825.3;983856.6;158432.6;9266.0;0.0;20880648.2;3674106.0;545177.2;62131.7;2308.8;281631636.5;74934629.4;10914173.2;1245551.8;0.0;1572835.6;322490.0;73559.3;12457.6;1381.4;7589.7;33171.6;89412168.6;17277647.7;4237650.6;608709.1;31693.0;0.0;0.0;106120.2;8955.3;0.0;9095.6;26274.8;345436178.3;102545862.9;18716946.3;2700965.1;209558.1;976.3;75216.6;28486.5;12851.9;534.6;2561.6;546.0;0.0;2933262.9;269044.3;41025.2;1740.9;559594.3;53924.1;8615.3;957951.7;184187.1;19715.2;0.0;0.0;0.0;147301960.2;25041913.7;3212265.6;37994.9;1180.1;2954.3;612.4;1013023.7;206533.0
027_O10.cdf;16105387.0;1437917.9;132573.4;0.0;8435721.1;1225076.3;176149.5;13013.8;9791297.5;1694645.7;257333.6;36848.1;0.0;22774984.0;3894642.4;580207.4;79104.4;2447.9;316055041.3;85793004.7;12294265.1;1413985.9;0.0;1520729.1;322986.2;61980.9;15020.2;2357.1;4081.1;3166.8;67198827.6;12714525.7;3895618.4;542487.8;44802.3;0.0;0.0;131490.0;25351.9;6601.2;13393.2;6217.4;351010077.2;104031439.5;19323939.1;2679233.0;169375.8;0.0;68722.0;20194.4;7026.7;540.9;2183.1;0.0;1052.1;3931537.4;352064.8;49832.4;3722.9;984683.1;93460.1;10412.9;1053000.2;203511.0;14226.2;0.0;0.0;0.0;154479690.6;27188290.7;3443795.4;34919.0;3846.5;2144.8;14380.9;1325455.7;388440.3
028_QC_1.cdf;20577528.4;1873366.1;188271.5;0.0;4981729.8;756392.7;108326.4;13494.2;5695279.4;1017998.6;155694.3;12269.1;0.0;21817425.9;3861806.1;580356.2;69723.8;525.2;238469634.0;60185405.9;8855679.2;981626.3;2240.2;4782371.6;970518.0;180518.6;20819.6;9428.8;7009.4;8255.0;125910859.6;24314999.2;5315551.5;723579.9;27515.3;0.0;0.0;88891.4;31724.7;7273.4;4445.2;2638.8;275743957.8;80745125.8;15016566.1;2167542.0;154302.2;0.0;171880.0;49211.2;18010.2;486.8;2344.9;0.0;1239.1;3209203.7;290825.4;38990.6;3365.0;599539.0;58839.6;7238.0;725908.6;150103.3;28494.4;0.0;0.0;659.6;155013452.2;27112325.5;3502952.4;59263.4;10522.3;1272.5;2537.9;893121.2;143084.0
029_O11.cdf;5890919.7;501552.8;39504.1;0.0;3114026.8;529563.9;85803.6;4938.3;6737188.4;1185977.8;175592.6;17512.0;0.0;18186226.6;3060201.8;461136.2;59189.1;2564.8;200863171.1;46251482.6;6886204.5;799866.5;926.5;3570297.1;764949.8;137293.6;27347.1;9046.4;6852.8;2944.7;71749435.5;13628173.2;2397605.0;308406.2;8995.2;0.0;0.0;35124.2;9424.1;1669.8;736.0;2018.3;75017728.3;18551320.1;3318547.7;508453.4;36532.3;1333.0;127630.6;41127.2;11275.0;887.4;1704.6;1129.4;460.4;2391094.4;217405.2;34717.0;2770.9;128632.1;14743.0;1997.4;259027.2;54765.1;10474.6;0.0;0.0;0.0;136577531.0;22929871.2;2955946.2;33654.9;3718.4;2225.6;3020.3;519410.9;130582.3
030_O12.cdf;10554458.9;899214.6;87559.5;0.0;4765808.5;798034.4;112733.9;8911.3;6747574.7;1191622.6;181698.7;13019.2;0.0;22094133.7;3793584.6;567359.9;73488.8;0.0;205738827.1;48459325.7;7239060.6;830664.7;1948.0;6955680.3;1381142.3;254209.8;36923.1;8034.2;5262.4;4906.4;96547404.5;18383506.3;3048053.3;407129.2;8503.8;0.0;0.0;56268.7;11677.1;3657.6;1348.1;2033.3;93749193.4;24167039.7;4346779.7;645869.3;39519.8;3191.7;176747.6;55168.8;16310.8;2532.6;1343.4;2431.4;611.3;2592183.6;229595.7;28689.7;1375.5;159767.7;16590.3;1453.5;1687519.8;351518.0;63562.8;3519.5;0.0;0.0;133504351.9;22563732.3;2927636.6;52960.2;6138.7;2639.2;499.1;932192.5;86990.6
031_O13.cdf;8217739.0;707719.7;61707.2;0.0;3921842.8;649636.0;96675.1;10320.9;5049018.3;850493.5;153501.9;16037.7;0.0;18642789.2;3117717.5;471918.8;60368.5;0.0;205336420.9;48325173.6;7145200.0;809278.7;1904.6;2016645.2;450378.3;78972.1;10546.3;6399.1;6022.1;3227.3;49376049.3;9245607.3;1797529.2;217663.9;15709.4;0.0;0.0;49540.4;11298.4;4168.2;0.0;0.0;71143442.1;17658452.3;3136358.0;476423.9;18135.2;1422.5;84069.7;28731.0;7726.0;698.2;642.1;2722.8;1883.1;1840841.8;178120.9;29107.2;1050.6;156710.6;16214.3;545.5;279588.4;56812.5;4186.3;0.0;0.0;0.0;120803325.9;19713549.8;2460231.5;21942.7;2718.9;1257.7;3169.9;519817.8;113036.3
032_O14.cdf;9101451.3;795440.8;83566.8;0.0;4950253.8;828268.1;119022.3;12027.0;7637967.9;1358097.3;185497.9;17273.0;0.0;24416427.5;4311437.1;646378.9;81706.9;502.3;212332072.5;50841413.2;7542452.6;870419.1;2607.0;3299999.9;672426.8;117171.1;21662.5;2766.5;3731.3;5332.7;63206295.4;11980085.1;2102903.0;270338.7;11086.7;0.0;0.0;66397.2;18504.9;3987.2;660.2;360.2;105863253.4;27508815.9;4949031.0;725631.2;71256.2;1986.8;121682.5;36817.1;7994.9;810.5;2221.2;496.7;520.5;3760339.8;330313.2;50010.0;2863.4;216145.5;20992.5;1564.7;297004.5;62185.5;6192.9;0.0;0.0;0.0;136857907.4;22745262.3;2909624.3;25207.6;5491.1;2419.4;2412.9;472011.7;76683.0
033_O15.cdf;8412812.4;731096.4;71635.0;0.0;5486318.0;893112.0;120377.3;13717.4;7800428.6;1335688.2;204079.7;15995.2;0.0;29891309.7;5344965.5;777867.8;95024.3;964.9;223904990.2;54754643.1;8142674.4;923526.6;880.0;2899324.9;601608.2;122352.3;10429.7;6239.1;8547.4;2417.5;106568459.5;20429643.0;3424632.7;448583.1;5526.4;0.0;0.0;55455.0;15970.2;3926.6;1347.4;580.5;123133690.9;32489106.2;5760375.5;840604.1;55145.3;1414.7;180438.2;49324.4;15232.1;0.0;549.3;1266.7;1869.3;3633243.6;311847.4;42379.6;3884.6;162537.7;21932.3;1792.9;361281.2;74915.9;7763.9;0.0;0.0;552.9;154108362.9;26300863.2;3325045.8;43899.2;4497.6;1392.0;2092.9;864298.1;109438.0
034_O17.cdf;8626965.4;748910.9;77639.0;0.0;3454385.6;601365.5;92499.0;9629.3;5794217.6;998044.3;137739.0;9743.2;0.0;15141858.9;2624211.6;409913.9;57592.1;1406.6;207206444.0;48846300.8;7325887.8;833330.1;1397.8;4610273.8;958587.0;186783.1;24266.3;2263.6;8584.6;8126.0;73944523.7;14288731.7;4088934.3;660003.3;42669.3;0.0;0.0;25420.8;6494.6;1256.7;1169.8;0.0;62394277.1;15672401.2;3547226.4;596587.2;57067.9;1556.7;127791.0;44141.8;21821.1;1587.4;0.0;2176.8;759.3;1592622.7;141116.6;23542.9;1038.3;159298.1;16939.2;869.2;260961.0;57306.8;11058.5;0.0;0.0;552.3;165665810.7;29401737.2;3818325.2;33128.8;4785.9;5327.1;1808.3;576746.8;107691.0
035_O18.cdf;12130418.9;996510.7;111699.2;0.0;10429909.5;1599288.3;192904.6;26955.0;6999197.9;1223569.2;166296.3;19963.6;0.0;26070197.2;4908223.4;724182.4;80365.6;1010.6;229626089.3;57903150.5;8405528.5;958039.0;2008.6;660594.2;146654.8;36319.6;9172.9;2855.4;4345.2;3470.6;46055368.6;8780462.0;4253598.3;609517.0;30395.1;0.0;0.0;68923.2;17035.5;3896.7;5051.6;669.7;240844120.2;69773004.0;13279743.3;1962814.8;104096.8;0.0;82429.9;30842.3;12530.9;1799.3;566.2;500.4;2161.3;1928023.6;178880.8;33461.4;1156.1;698702.9;63658.5;10259.0;516160.4;97564.8;22031.1;0.0;0.0;0.0;138134262.3;23212831.7;2979771.4;20832.7;3127.1;1665.3;2901.8;537615.2;117965.4
036_O19.cdf;14475814.6;1219001.9;128084.8;0.0;2792280.7;513479.3;84206.8;9652.7;5622538.9;981943.6;156417.4;15372.9;0.0;13034351.9;2197434.5;354097.0;43710.9;762.6;193965399.6;44680116.3;6673021.0;783748.3;0.0;3970728.2;835834.4;153578.8;24583.1;8464.1;22328.4;8175.4;81585082.6;15838652.3;3354103.9;495104.1;23643.6;0.0;0.0;25066.5;4882.5;1279.3;681.1;494.7;66872891.1;16586763.3;3327837.9;533206.5;37770.0;2177.6;99135.8;34839.3;11333.9;1777.1;1132.3;1054.9;1166.1;2793634.1;267034.3;35055.0;3931.5;255047.2;28333.8;1525.5;268746.2;68082.9;15261.3;0.0;0.0;0.0;156069105.7;27270964.3;3467359.5;26288.7;3469.7;1651.2;661.8;536302.5;104288.1
037_O20.cdf;6167250.3;512613.6;46559.2;0.0;2743085.7;490486.2;80977.9;5857.2;4431824.2;785786.4;123116.1;13299.9;0.0;12029844.1;1994938.3;310718.2;43281.0;1225.7;160894848.4;34171972.8;5144331.4;587266.9;553.2;2394054.5;523405.5;94443.2;16355.4;5202.2;13809.4;9349.9;41679162.7;8179130.7;3435584.6;520356.5;29607.6;0.0;0.0;20278.4;4992.6;1136.2;0.0;1151.2;71314319.3;17595499.5;3609761.5;599822.0;60345.9;0.0;81632.3;28817.9;7886.4;682.0;1967.6;1266.3;1574.6;2051660.4;183749.8;34880.2;1025.2;154897.9;17241.6;2124.0;220424.2;42906.7;9367.0;0.0;0.0;0.0;141030064.4;24009443.5;3099034.7;17341.1;2885.4;1568.3;1844.0;266690.6;70191.6
038_QC_2.cdf;20715296.8;1934978.3;192778.8;0.0;5005121.2;821331.7;104279.1;13496.5;5770326.6;1045685.2;157136.9;6010.7;0.0;22078591.2;3985106.3;568151.3;71380.6;2509.3;237795588.8;60431180.6;8873668.6;1005098.2;3723.3;5015253.9;1010431.4;184921.6;29988.6;8002.6;7297.1;6699.0;126669838.9;24517283.2;5166795.4;732649.0;12713.1;0.0;0.0;120536.0;37124.5;8358.1;1809.1;1483.5;277155337.2;82888926.1;15305345.3;2199526.1;142242.6;0.0;182089.2;63831.1;16612.5;2911.4;1077.4;1983.8;1334.8;3266425.1;286127.0;43468.6;1021.8;722407.5;72697.5;5414.1;757676.1;138083.7;30334.9;0.0;0.0;927.0;157381056.1;27485760.7;3537308.4;58304.9;7585.8;2128.7;1214.5;818361.7;219422.5
039_O21.cdf;6174572.5;513251.4;59532.3;0.0;4346701.4;723761.0;114655.1;10675.1;6146315.8;1094781.2;153575.7;16570.0;0.0;17598510.7;3113428.9;462971.3;53769.5;448.7;198767774.6;45338473.6;6779084.9;784812.9;0.0;5155537.5;1052164.9;178629.5;35675.6;6972.1;10308.0;6218.0;73054761.1;13937084.4;3874381.4;581396.7;28902.3;0.0;0.0;27472.7;7694.2;2998.0;1751.2;528.2;75380221.3;18760408.1;4278516.1;726321.5;61923.0;0.0;142322.8;43154.1;19645.1;4065.5;1568.9;2246.7;2820.1;963284.8;94648.6;11113.9;0.0;148999.5;17243.9;1691.2;230774.8;50625.4;9962.5;0.0;0.0;0.0;164090158.0;29134664.6;3833947.8;28590.0;3821.5;1492.5;3347.0;841536.8;82885.8
040_O22.cdf;6653778.3;558077.3;48133.9;0.0;2396655.3;382647.4;58634.8;5672.9;2642318.9;444454.7;63081.5;3641.2;0.0;12345032.9;2066304.1;304873.7;39786.4;0.0;208622117.8;49414951.4;7396737.4;824098.8;947.9;8384713.9;1592470.0;272154.0;46778.3;11379.4;13093.2;7367.7;179196143.0;36444421.5;5534053.1;840948.1;413.5;0.0;0.0;50499.2;7842.7;4066.8;6169.6;4706.8;291932980.1;86886439.6;15457496.1;2242784.9;114759.8;0.0;419039.5;135075.4;34995.6;4151.1;3673.3;1970.0;1319.8;964136.7;100057.1;13516.8;1539.1;260597.4;27671.8;850.9;520122.3;105518.7;22058.7;656.5;0.0;0.0;115942903.6;19106816.9;2372919.0;125164.7;14837.0;2558.9;0.0;686122.9;148485.6
042_O24.cdf;6125151.6;506583.1;43809.9;0.0;1938065.0;321813.7;49759.7;2436.9;1863608.5;328251.4;45591.2;932.7;0.0;10518064.6;1738903.4;263086.1;35684.4;1049.9;216779268.6;52786324.0;7705838.5;887190.5;1278.5;5834621.3;1149949.7;200178.9;34929.4;7178.7;9722.5;5580.1;154518523.1;29632328.4;4715848.8;656848.5;10099.1;0.0;0.0;62041.3;22979.1;2169.7;4533.0;2986.3;240638410.5;70292790.6;12651477.8;1774128.5;109286.9;558.8;255047.4;69266.6;18245.3;1790.3;2348.3;525.1;728.2;675885.0;65856.5;10812.6;730.6;384907.1;36431.7;3763.4;288878.5;54811.4;6761.3;0.0;0.0;0.0;115211269.2;18575561.7;2320532.0;101540.6;8930.6;1754.6;2962.2;639837.6;129984.4
043_O25.cdf;8586625.5;699950.6;63459.6;532.7;2066249.1;337909.6;51909.1;6101.2;1913153.5;336667.1;43844.2;701.0;0.0;12711991.9;2085045.5;344820.5;49280.2;461.8;185118887.0;41384703.7;6226142.9;743862.7;1939.0;5986970.3;1186115.9;208175.8;36598.1;6089.2;15444.1;9082.6;153601051.5;29821747.7;5154030.2;672636.0;4076.1;0.0;0.0;50393.5;10195.6;2226.2;4483.6;2320.0;237778745.0;69402957.8;12488125.9;1759730.1;97049.5;1139.0;256601.3;86584.4;24387.8;3324.0;1986.4;553.6;1168.0;967076.7;94008.8;15756.8;987.6;385638.3;38536.1;3537.2;284087.1;55451.8;9876.0;0.0;0.0;0.0;157598834.3;27834629.9;3440666.2;104022.5;16724.9;3624.3;1310.7;520830.6;156060.4
044_O26.cdf;6809826.3;532381.0;49690.1;0.0;2495529.4;401802.0;64761.0;3329.5;2315508.0;427286.0;60844.0;1146.9;0.0;17177779.2;3027853.5;467138.8;58682.2;550.2;204989242.1;48460073.7;7292541.1;836495.2;1182.3;9667703.5;1873607.9;352477.4;51467.3;9691.2;14092.1;19377.7;166240980.1;33427759.5;5854778.4;922718.1;9051.9;0.0;0.0;61159.9;6637.7;3572.9;13612.5;5801.7;308715811.2;91516117.5;16473026.7;2390556.9;148138.0;585.7;304423.4;93056.1;23929.5;4082.5;2161.9;564.8;506.4;1177234.9;107944.3;18455.4;0.0;534922.4;50036.7;5258.6;470670.0;93768.5;18039.7;566.2;0.0;0.0;156731972.8;27579976.7;3520148.5;121078.5;17903.4;0.0;2338.9;659866.5;168349.3
045_O27.cdf;6430988.3;520282.0;44867.9;0.0;1979207.8;341042.7;43871.1;1422.0;1865373.6;345051.7;40465.5;0.0;0.0;14405343.2;2517737.4;364564.1;49126.5;506.6;190532807.2;44112588.6;6604699.2;764845.0;1726.3;9572151.0;1887947.3;329393.7;51708.0;16931.8;11710.2;12321.1;167259608.0;33908901.1;6456132.0;983220.0;23872.7;0.0;0.0;81135.4;7049.4;533.2;7232.9;2639.1;316914369.4;95575645.6;17306538.2;2483518.1;164076.9;782.4;318587.9;94271.6;35810.3;1914.7;638.6;4579.5;480.1;1104319.1;105964.7;14881.2;543.2;851432.0;80831.3;11967.1;654384.9;124125.5;29269.1;1022.2;0.0;0.0;170491581.1;31928124.9;3911220.1;98674.3;17647.1;732.9;1541.7;586009.1;135168.7
046_O28.cdf;8015201.7;666515.0;71483.4;0.0;1605097.8;256755.2;58481.6;4309.3;2035187.5;357046.3;35516.5;2816.5;0.0;10450878.8;1753650.4;281044.5;37132.8;2365.8;188035219.3;42830760.8;6400261.6;729802.6;928.4;7150122.3;1411194.1;260826.7;42848.3;6709.4;13118.1;5890.5;159355451.9;30894540.3;5701019.9;858550.8;13011.2;0.0;0.0;50434.7;11456.6;1546.7;4388.3;5225.6;268583501.4;79546890.4;14478298.4;2091071.1;134714.2;0.0;263182.9;83364.4;24260.6;4876.3;1251.6;480.5;463.6;784626.4;81003.8;10978.7;0.0;722173.4;61540.0;8487.2;368711.4;81498.0;16054.2;748.6;0.0;0.0;137668876.3;23290029.5;2851375.1;110356.3;22141.0;1378.0;1714.2;478493.4;153238.7
047_O29.cdf;6259079.8;511255.2;52074.5;1058.1;2097008.7;352071.9;48108.7;2940.5;1858624.5;335414.0;27661.7;2814.6;0.0;10593640.7;1818756.6;283866.7;30804.3;2824.5;175420430.5;38488089.4;5775194.7;676020.1;1065.9;6490392.7;1331610.7;239720.9;39654.0;8736.6;20122.1;7012.3;156191529.0;30528066.6;6698771.6;1051314.2;40979.0;0.0;0.0;50962.9;14287.7;2410.5;5303.6;2545.9;290695940.6;86812886.9;15446160.7;2234857.4;117252.7;0.0;250167.6;80523.1;27410.6;6601.1;0.0;677.6;0.0;1137804.2;123071.2;16215.8;1062.0;259298.0;29902.5;1937.4;575757.8;119107.8;29959.5;1857.0;0.0;705.2;168586867.3;30272089.9;3849829.9;101119.7;14328.7;1409.6;622.6;539553.2;136716.7
048_O30.cdf;6511295.7;507581.2;52432.3;0.0;1737689.5;294943.6;39417.8;3372.9;2020537.4;365324.5;32568.2;2304.3;0.0;12839679.2;2198418.6;350628.6;50329.4;3794.7;181132948.2;40588462.3;6032126.7;717629.2;1843.1;9953372.0;1879260.8;344031.2;55432.7;16409.1;12370.4;6730.6;171901159.5;33940760.6;6084065.0;905983.6;15073.0;0.0;0.0;61808.4;6329.2;1184.4;8616.9;10779.9;309696527.2;92569634.1;16666062.8;2355808.1;134041.0;0.0;293111.1;87667.0;22336.9;3204.9;504.1;0.0;581.7;857168.3;90199.7;14952.1;570.0;808528.5;76713.6;12975.0;564149.1;121451.1;25815.3;0.0;0.0;0.0;165624183.1;29243151.6;3731545.6;128287.3;18464.8;1355.0;4708.1;419795.2;116054.9
049_QC_3.cdf;21085563.8;1948971.3;181259.0;0.0;5046061.4;786396.7;101830.7;12299.9;5860557.7;1038125.3;160712.3;3140.3;0.0;22032371.3;3819188.5;578426.9;71764.2;574.1;239084822.9;60937420.6;8888561.0;1031440.0;2237.5;5128919.7;1050425.1;178895.7;30959.3;15124.6;11805.5;5125.4;127176731.5;24591895.0;5399847.3;775735.4;13110.4;0.0;0.0;137431.8;49855.1;2626.0;529.0;2075.8;278068103.0;83818781.5;15388445.6;2201759.8;189936.3;0.0;202295.4;64006.7;19576.6;3205.7;1308.8;1954.2;2272.0;3191929.3;277140.7;42768.1;1515.9;840200.3;79258.8;12975.9;764962.1;150067.1;34018.4;0.0;0.0;0.0;159446943.5;28087893.7;3629331.0;60260.8;10309.1;1609.4;1542.3;808886.0;101793.3
050_O31.cdf;4574600.2;374810.5;25486.9;0.0;4829653.8;726997.8;90492.1;5319.1;8036287.6;1402042.8;199233.7;20702.4;0.0;29840343.5;5281587.2;723126.1;89812.7;544.6;299287015.7;81073281.7;11711542.8;1340733.7;0.0;1496673.1;317081.0;62818.9;7337.3;2177.2;0.0;7935.7;78850577.2;15108672.9;2448962.0;334294.8;9493.9;0.0;0.0;156333.4;13199.1;0.0;3783.0;1417.8;357325371.8;108317699.3;19311631.4;2854104.6;173408.1;1843.1;108694.1;34232.6;444.8;1263.8;1508.1;0.0;735.3;3657441.5;327536.1;49189.8;4877.7;924887.5;83142.1;10483.8;1153787.0;221486.1;17471.4;0.0;0.0;0.0;129821109.3;21649182.5;2703669.4;31062.5;5631.9;1291.8;4263.8;601965.9;152449.0
051_O32.cdf;5874001.5;494771.7;33130.2;473.7;6186097.7;912732.6;114561.7;13140.7;9188972.9;1634938.5;235255.8;20735.0;0.0;26514654.9;4616566.8;663084.8;77609.2;1116.3;306891658.6;83154085.0;11996012.6;1376158.2;0.0;2133089.7;467100.3;91609.9;8624.0;699.2;1082.8;2525.4;97272110.4;18551772.8;2958427.4;391665.3;7625.1;0.0;0.0;131770.8;16013.7;3381.2;1775.9;0.0;345050141.5;103891859.3;18809639.5;2639108.4;166001.4;0.0;122325.8;35376.5;3493.9;648.7;1884.8;1599.3;708.3;4612205.1;421402.4;57472.6;4004.3;959272.6;89658.4;11117.1;877996.2;155762.7;6378.9;0.0;0.0;0.0;85510913.0;15027707.2;1671244.2;42046.9;7982.1;3238.5;1930.9;967466.7;259219.4
052_O33.cdf;7605829.7;594181.4;45212.9;453.4;4991527.7;771089.0;96145.7;8363.1;6990757.8;1222735.9;173359.7;17700.3;0.0;23456896.4;3957912.3;577953.0;73563.5;0.0;281787721.6;75315116.8;10907874.8;1220031.1;0.0;1482463.5;278726.0;64727.8;4526.3;4071.3;4452.7;3411.9;64545026.8;11995053.3;2094904.5;271053.3;6811.9;0.0;0.0;158348.9;24578.9;699.2;5278.8;851.8;344763002.8;103657888.2;18608074.2;2697098.2;139754.4;2833.0;86715.5;24204.2;11424.6;0.0;1589.1;530.4;0.0;5322273.1;492475.0;65708.5;6499.0;1026948.3;95795.2;12097.7;910201.6;162535.8;21759.3;0.0;0.0;0.0;86766645.8;13228387.0;1672827.9;25333.5;5404.5;1439.5;0.0;746424.5;151034.0
053_O34.cdf;13480496.7;1138386.2;108462.8;527.5;6798400.7;1020287.0;138790.7;13536.3;7565600.2;1313599.7;202323.8;21451.0;0.0;16944624.9;2833533.7;422983.0;50204.9;1378.6;255366143.8;66019131.3;9478466.4;1123041.8;0.0;1034497.5;210443.8;42635.5;3575.8;6023.1;4892.1;4634.2;47396698.1;9085643.8;1748102.9;208494.9;6720.2;0.0;0.0;102460.6;17387.3;1563.2;619.2;0.0;319492885.1;95334544.4;17320797.6;2441423.4;163492.9;1499.6;118720.9;25880.6;9163.4;946.3;673.5;2544.0;0.0;3157019.9;300524.2;40857.7;3562.4;657949.0;62466.1;14833.6;556209.4;111943.2;11086.6;0.0;0.0;1146.7;127206118.5;21055715.3;2663681.9;22988.2;548.8;6090.9;10308.0;789256.6;141725.2
054_O35.cdf;5072445.6;372821.1;36513.2;0.0;3482504.6;560768.2;71306.8;3612.5;6150213.3;1046546.9;174757.6;13456.1;0.0;18894727.2;3178298.2;466113.0;56304.3;1555.9;276368928.7;73224603.6;10636854.8;1209863.6;723.7;1148808.3;246388.8;55252.4;5654.7;4141.2;3230.8;3068.4;58753381.0;10959122.1;1922466.7;256041.3;12133.9;0.0;0.0;137946.4;16573.7;4457.8;1677.4;1086.0;345023864.8;103932853.6;18710593.5;2679139.5;147541.1;465.8;72080.1;12044.1;3106.9;0.0;0.0;0.0;0.0;2909798.6;295722.1;41154.2;3769.1;929651.9;103034.7;9340.7;998120.9;189125.6;27190.0;0.0;0.0;0.0;103059967.8;16137755.8;2102493.2;21774.4;5770.9;0.0;4347.0;796366.2;159436.2
055_O36.cdf;4984576.3;380115.1;37593.6;0.0;3176283.5;488477.2;74338.4;2616.7;4277230.4;764219.8;125244.3;7019.9;0.0;18018272.7;3237603.5;477029.2;56518.1;0.0;266496876.1;70475231.0;10201779.3;1184693.3;0.0;1498560.5;312081.4;67997.3;13773.0;0.0;3193.0;17909.3;86830092.8;16917646.3;4937881.2;703916.2;52630.5;0.0;0.0;84679.8;3261.2;1176.5;12943.4;17462.2;350426313.4;106388741.2;19883197.9;2824139.1;108563.3;1318.3;100647.8;27717.8;6708.6;504.5;2515.5;650.2;703.1;2326190.9;234366.8;37575.2;2352.3;842824.8;90815.4;8948.8;1160387.8;240870.9;38103.1;0.0;0.0;0.0;126109878.3;21030073.9;2570259.7;43890.5;7156.8;1998.7;0.0;608271.8;77104.8
056_O37.cdf;7997889.1;669366.2;63254.0;0.0;3770756.4;613011.3;72440.5;3904.7;5039508.7;903368.1;147926.6;6040.4;0.0;17347615.8;3050221.1;456703.1;52591.5;0.0;286875382.5;77073593.4;11229059.7;1269370.9;0.0;1508745.4;296129.3;66397.3;9820.4;2506.8;5149.8;4941.9;86352753.5;16660339.3;4952370.5;764693.8;41436.1;0.0;0.0;117131.7;4068.5;578.0;10608.2;5722.2;351993447.3;106314362.1;19926529.7;2878735.5;176491.0;0.0;100356.1;22237.8;8842.2;0.0;1217.5;1792.2;0.0;3208064.3;316867.3;45019.8;2308.2;882614.5;83986.0;8955.6;1282108.8;252719.7;44341.7;0.0;0.0;0.0;134614355.0;22505756.8;2836598.6;37079.4;3614.0;1554.6;1222.7;657963.4;176488.4
057_O38.cdf;14626859.9;1325083.4;131250.7;362.8;4710316.0;776520.1;108477.7;12411.7;8088134.2;1398721.6;212694.5;17322.3;0.0;15581990.2;2748179.3;419920.9;46797.6;597.0;225433548.8;56484687.7;8178687.1;950475.6;774.4;1641082.5;358206.2;69542.8;18707.0;7002.2;5111.2;1309.9;49639518.2;9458102.3;6659300.2;1054849.3;17308.6;0.0;0.0;112662.1;39499.0;5226.4;649.7;597.0;210860655.0;60293485.5;11199129.7;1640334.0;95539.8;1041.1;87522.0;24616.0;15127.8;3948.2;2949.7;609.2;0.0;3027420.2;260384.9;32169.4;2510.5;605039.2;62634.9;9188.6;293396.3;55988.6;8190.7;0.0;0.0;0.0;131225297.3;22068939.7;2728760.2;19569.5;3781.7;632.0;3567.2;599532.7;109301.1
058_O39.cdf;7275593.3;600194.1;53091.7;0.0;4899478.3;785146.8;105790.2;14124.3;10878158.1;1896777.9;288800.5;31522.8;0.0;19467149.9;3486511.5;528649.9;68416.2;479.2;261910950.5;68721169.1;10033248.9;1130089.4;0.0;1782631.4;374771.3;77644.7;12443.5;5284.6;6796.2;5683.7;67312164.5;12855166.2;5874878.8;948644.5;29578.8;0.0;0.0;158000.7;40601.2;6468.4;5213.7;1127.6;285318924.0;85323480.6;15778940.9;2318804.9;174065.8;0.0;97495.4;30931.7;11528.9;2229.8;1446.0;1355.6;566.9;3088147.3;282606.9;42533.3;716.4;756787.3;68762.1;7072.4;597068.6;110570.0;19877.0;0.0;0.0;0.0;148940858.5;25098109.3;3223637.0;26644.7;4352.7;4036.0;1165.3;1092212.1;135774.2
060_QC_4.cdf;21327471.2;1931229.0;192669.9;0.0;5122072.5;797958.7;115549.4;8831.6;5961450.9;1065961.1;155738.1;4955.7;0.0;22126914.9;4000802.2;571147.9;74797.6;0.0;239751954.0;61391644.6;9052185.3;1043001.7;0.0;5032172.9;1038062.3;198114.2;29360.5;10394.4;7556.0;10027.3;126658464.4;24765381.8;5336339.4;760378.3;37318.2;0.0;0.0;158880.5;52841.8;11283.9;7710.5;705.6;276982812.8;83062091.8;15364347.6;2203112.5;89058.7;0.0;218070.2;56141.1;23105.1;3257.4;1409.8;1465.2;1487.6;3205164.5;289847.7;39373.1;2461.7;902089.7;81423.4;16128.6;798494.7;156069.6;29239.3;0.0;0.0;0.0;160314500.2;28374956.7;3563159.7;64331.2;8938.4;2636.4;577.1;654722.7;75433.6
061_O41.cdf;7780792.8;666735.9;58671.8;0.0;5416233.8;896005.3;120990.8;14829.3;10199715.9;1743299.1;270646.8;23465.7;0.0;27307816.2;4752110.0;718504.7;79026.1;753.2;248411241.7;63708956.5;9345880.9;1050147.0;0.0;3048368.9;624062.7;111377.6;14936.6;5065.1;6300.0;2811.3;82355761.9;15849423.2;2644715.5;342818.2;8996.4;0.0;0.0;131491.5;41272.9;8734.3;1752.1;0.0;107104942.9;27912861.8;4982117.9;750579.1;27671.5;2030.8;168084.3;49960.2;13138.2;1415.9;3094.8;579.2;2072.5;2533878.2;229415.4;29227.1;1565.8;299246.7;28778.1;4408.9;347288.4;76982.0;5345.9;597.4;0.0;0.0;125149598.4;20489491.9;2601311.4;36563.2;4050.2;0.0;590.3;673321.0;174208.3
062_O42.cdf;9005685.9;812255.6;80509.7;0.0;5323416.0;854992.4;128478.3;11374.1;7987503.3;1353455.6;211407.2;20599.4;0.0;23972550.1;4105139.0;598267.6;66461.6;542.0;222281030.2;54373408.8;8002095.6;925980.0;3205.8;3367989.0;717011.3;131059.8;22679.6;5395.1;8669.3;2084.1;58711054.1;11133012.0;2130501.3;236058.0;10145.8;0.0;0.0;80037.4;26610.2;7047.2;0.0;520.6;69451080.9;17365489.9;3053966.4;448648.7;28124.3;1892.2;157268.6;45493.6;13436.9;1687.4;2285.2;4253.4;1898.6;4183783.1;369105.9;49047.0;3506.7;238772.1;25399.9;725.5;303123.4;64933.9;6431.5;0.0;0.0;0.0;125496293.5;20774150.2;2479474.2;26465.5;1451.1;2431.3;2994.7;667585.0;104704.7
063_O43.cdf;5785914.7;497754.0;54957.0;0.0;3922817.4;633389.3;83757.0;8266.0;5269989.3;922856.1;147596.4;15661.8;0.0;19408644.6;3255406.9;489523.7;57638.2;1837.4;183403277.1;41278339.3;6181847.9;702602.8;763.7;3036983.4;622063.1;115314.9;12969.7;3517.2;13926.3;1911.3;58240704.3;10919826.5;2007282.4;251648.4;13784.5;0.0;0.0;66663.4;14568.2;7650.0;686.9;558.4;75965248.2;18769963.6;3308262.4;506176.7;39326.1;0.0;114757.1;37691.5;12236.8;544.0;4810.3;2099.8;3624.5;3267749.7;298751.3;47413.9;2747.3;211488.5;23361.8;2138.3;280394.8;49857.7;4852.9;939.9;0.0;771.1;82827356.0;12471085.1;1678531.7;27550.6;3778.0;2561.0;2242.2;598370.1;88467.1
064_O44.cdf;8362722.2;717626.8;63912.6;0.0;5470895.9;877797.0;118376.4;12591.5;6690464.5;1189865.7;177140.1;17627.7;0.0;24561683.8;4136935.3;629248.4;86106.1;1892.2;204884101.2;48909483.1;7216738.5;849962.0;0.0;2501359.3;522190.7;96328.2;12493.3;6271.0;6690.5;3691.3;52509159.2;9690713.8;1708345.5;210109.7;7717.4;0.0;0.0;86720.2;36116.6;6337.7;611.7;2631.7;101696766.3;26016341.3;4723932.7;683095.4;37449.2;2618.9;124925.8;47358.9;8719.9;1168.4;1789.1;1576.5;1498.2;4661451.8;399338.4;53727.0;2219.5;366245.5;38118.1;3839.2;311272.6;57322.2;6615.7;0.0;0.0;0.0;115247113.9;18525490.1;2444837.3;21663.1;1202.3;2480.7;1089.0;481291.0;90829.7
065_O45.cdf;7443943.0;653220.0;63235.4;0.0;3963082.4;666279.4;100275.0;8409.0;9128493.2;1556521.8;238488.8;21073.1;0.0;17723422.3;2966652.7;472022.6;48333.8;1164.4;214819252.6;52760551.3;7798225.7;893400.0;0.0;2206573.4;468121.9;85203.8;7772.7;4888.6;11481.4;2428.8;52950892.5;9866865.4;1750678.1;231149.1;8907.9;0.0;0.0;110676.2;31632.4;7786.1;1356.5;784.5;57257910.8;14067812.2;2477938.2;370826.9;13943.7;1372.7;114006.1;38093.9;6321.7;993.0;4738.5;561.7;3164.4;3674715.0;328999.4;44445.8;1972.0;286288.9;32064.2;3508.5;229031.2;41014.3;4889.6;0.0;0.0;0.0;111565761.8;17936601.0;2283447.7;31124.2;2635.0;613.0;618.6;726516.7;129249.5
066_O46.cdf;5249757.5;433729.9;36767.4;0.0;1981928.6;349655.7;62145.0;6462.0;3529537.3;593921.7;102947.7;6092.7;0.0;8407181.8;1571689.6;261531.6;28277.7;1876.6;139717402.1;28308367.4;4161230.6;505315.2;650.4;2762277.8;590039.1;115191.7;17443.2;3697.6;10037.7;7817.2;47755394.3;8950174.3;3617172.4;549239.8;33969.5;0.0;0.0;27199.6;4762.9;2627.7;643.8;0.0;32051037.3;8562023.4;2064076.8;369235.0;38986.3;0.0;84297.8;30612.8;19958.1;2435.9;1786.3;1157.9;1020.9;1054114.9;102762.0;14376.0;0.0;177398.5;17082.8;1363.9;207307.4;44686.8;12335.6;563.4;0.0;0.0;156400261.1;27530820.0;3446816.3;21352.8;1226.3;645.5;1863.3;294946.1;64659.1
067_O47.cdf;9603343.4;807339.6;81275.9;0.0;3147208.4;546198.6;70551.0;7857.5;5813445.1;1012326.1;167430.7;10787.5;0.0;13978910.7;2451985.4;400170.3;46520.0;458.6;207252781.6;50337251.3;7479442.1;876007.6;1080.4;2792227.3;576272.7;112527.6;15876.4;9277.1;8556.5;4501.6;106427299.8;20518536.1;4391675.5;631803.1;20193.1;0.0;0.0;69323.8;23492.9;2841.1;540.5;1406.7;116126436.5;30816141.3;6225122.5;1024158.9;63484.5;1056.7;197743.5;61331.6;26344.9;2576.8;1431.8;1942.8;616.2;2400843.1;233534.2;40694.2;2427.7;405600.2;39039.7;4046.6;335544.7;74814.8;20626.4;0.0;0.0;0.0;137937141.5;23207140.4;2892502.4;47973.9;6543.9;686.5;2395.0;504325.0;194573.9
068_O48.cdf;11592349.4;980442.2;93921.6;488.2;3302631.2;556221.3;74725.9;8140.5;6224582.2;1115918.2;156200.1;14623.2;0.0;15364824.2;2674784.3;413235.7;47355.0;1281.8;187910865.5;43221203.2;6521368.6;748246.9;1723.4;1743739.4;361198.1;81089.6;7741.2;5454.9;10338.2;2814.0;59336198.9;11191820.3;2949764.6;436783.9;31057.4;0.0;0.0;69634.2;19660.9;2993.1;0.0;2209.2;89755237.9;22779069.5;4660657.1;735958.4;62785.2;0.0;143095.3;42263.9;15374.1;1246.6;3197.3;1768.8;1288.1;2790563.0;273528.7;34840.7;1822.7;252792.5;29703.3;1753.2;349754.9;77786.5;18342.2;0.0;0.0;0.0;130195003.7;21794028.9;2749016.9;20648.2;2824.7;1185.8;526.7;530611.6;71534.2
069_O49.cdf;10526578.3;882339.4;95134.4;0.0;4638888.4;775794.6;123909.0;11547.7;6605232.7;1151886.7;176566.0;22740.6;0.0;17250494.9;3134644.9;479968.2;60193.0;2681.7;206324531.4;49834651.5;7380132.1;845100.4;0.0;5067323.1;1041159.5;169130.7;28562.7;10833.1;12702.1;8632.5;63894401.8;11993605.6;3583936.0;529540.9;36021.7;0.0;0.0;117129.2;33487.9;15334.3;1338.3;1407.9;104632977.8;27211617.8;5866250.9;977150.2;73282.7;553.1;146588.5;42748.2;22002.1;3171.9;3050.0;2752.5;3968.1;3521626.3;330723.7;49839.5;2927.0;309619.2;33796.4;5241.9;433368.6;101451.7;22738.7;0.0;0.0;614.0;152570325.6;26713710.8;3484999.7;31650.3;2331.4;4381.0;2374.6;836359.9;130038.0
070_O50.cdf;12208415.5;1030202.6;100902.3;0.0;5155382.9;869201.6;115472.4;12572.7;12167131.7;2023171.7;307894.3;43619.8;0.0;21209418.7;3788832.6;570502.8;65055.5;0.0;238281814.5;60362484.7;8959966.7;1008199.2;0.0;3330227.7;682234.3;140898.6;14231.9;9104.4;12003.9;3364.4;65006045.4;12309693.5;4637044.1;715849.0;33966.5;0.0;0.0;125422.1;40444.9;11634.5;2522.5;535.7;99041555.1;25465677.2;5267038.6;841366.5;62433.5;2146.9;145777.2;49613.0;19832.5;5102.2;1476.0;3474.8;1233.3;2324602.3;215973.5;35622.5;1459.4;258350.0;32469.6;2982.2;334953.0;69821.6;16647.4;728.1;0.0;0.0;99005434.7;15355511.6;1880552.3;35962.0;5106.1;656.9;0.0;746214.0;136973.1
071_QC_5.cdf;21972961.0;2097278.7;212646.8;0.0;5119256.0;808122.6;110918.1;14730.2;6132652.3;1072301.9;171381.0;9157.2;0.0;22345665.2;4002013.8;600320.5;72954.3;0.0;239425298.8;61553661.1;9046651.1;1054396.9;1568.6;5376995.4;1101692.7;192545.7;38392.6;26036.9;10827.6;6566.7;128400916.2;24878735.8;5116096.9;747394.6;15531.1;0.0;0.0;200711.1;63852.2;5829.6;4581.5;2790.2;277566690.4;83869209.2;15360981.0;2270810.5;138391.8;719.4;238072.9;75878.4;22338.4;2417.9;3256.6;444.7;0.0;3248092.1;283952.0;41197.9;1460.4;1067054.9;95409.3;14180.6;818263.1;177674.8;48092.9;0.0;0.0;1103.1;160874899.1;28469084.5;3695235.3;66871.2;12549.1;0.0;3843.8;613382.3;96288.0
072_O51.cdf;26795873.0;2563170.1;250310.8;6992.4;4543850.0;708383.7;97429.7;9648.6;2548891.7;457839.5;49538.3;3838.7;0.0;16523880.6;2805278.9;405899.3;52018.1;0.0;215847944.9;52552918.6;7718022.8;903527.0;1138.0;11169590.7;2076004.4;364844.4;54701.7;8567.4;13024.7;4931.0;173865756.5;35142799.0;5554701.9;783428.6;5722.7;0.0;0.0;119315.1;31391.2;6553.1;5965.8;6417.2;295188923.1;89990899.1;16036235.3;2267437.1;162101.3;0.0;402677.2;118189.4;30777.1;3314.7;3170.2;3083.4;0.0;1128422.1;103526.9;16412.4;0.0;809071.7;76178.5;9786.8;643908.7;127707.0;23690.7;0.0;0.0;765.0;113253989.8;18747171.1;2276147.3;142317.8;18595.0;2012.7;1760.2;808234.2;235226.5
073_O52.cdf;13587732.6;1120252.9;120179.4;0.0;3199478.9;516601.4;68821.6;7556.7;3082654.8;526253.5;68881.1;3925.1;0.0;13450931.4;2222765.7;349312.2;45457.9;815.1;235169230.6;60043744.9;8886538.0;998512.6;0.0;10709290.8;2037529.9;373413.7;52142.7;30162.2;9644.3;7222.7;173730501.6;35658488.6;5480888.7;817784.5;3937.5;0.0;0.0;282556.5;85896.4;8098.7;9397.6;1392.0;292772222.6;90377304.5;15976399.7;2240299.1;128525.6;880.6;396521.5;129170.1;23815.3;5882.5;3404.0;1628.0;4550.0;1122338.8;117959.6;16052.6;0.0;792258.6;68908.4;8536.7;588707.3;113307.2;17776.3;0.0;0.0;0.0;128119782.0;21445505.3;2598348.7;129320.7;26906.1;600.7;5080.2;522887.6;177589.9
074_O53.cdf;6335524.3;515542.3;27293.5;0.0;1927031.6;307679.3;45578.3;2307.9;1653815.2;290594.6;45620.5;1010.9;0.0;13162456.3;2113870.5;314202.2;40295.6;614.7;155416441.7;33075406.2;4929992.7;563366.1;2165.1;6267819.9;1231190.5;216574.8;31431.8;16083.1;13503.1;6994.1;134707266.8;26425010.7;4253642.0;560918.9;12934.3;0.0;0.0;87498.6;21240.9;3320.2;5171.4;2458.4;279055178.1;84628309.4;15237294.6;2130589.3;123656.7;609.3;198823.1;65747.9;14297.0;3480.0;2285.3;749.3;0.0;893704.7;90444.3;13592.0;382.0;995275.2;100478.0;11396.8;429303.8;95716.8;16479.2;710.0;0.0;1162.4;90523704.9;13947708.2;1772679.6;99992.0;16012.2;1210.1;3181.4;243588.0;102350.6
075_O54.cdf;3443625.6;261359.1;20423.7;549.0;3471121.6;525051.7;75556.9;5138.7;3205434.9;571512.0;73418.3;3520.9;0.0;16945052.6;2861639.4;416682.7;54246.8;1391.3;217337945.2;53230993.1;7892806.7;906303.7;2234.2;11226171.4;2134017.9;392164.8;60227.6;6625.9;3674.8;9620.0;187007280.0;38484912.4;5766667.1;887346.1;2141.0;0.0;0.0;45207.9;852.4;562.6;4518.6;3576.3;327316336.1;100049940.5;17714134.6;2513915.8;148823.2;0.0;660647.0;196070.5;45344.4;4755.9;1287.5;3453.0;582.1;1243770.6;122836.8;23024.4;0.0;257486.4;25710.2;4551.2;683338.2;133499.5;23225.5;1232.5;794.4;0.0;160621477.7;28655710.3;3614812.1;157371.2;23774.7;0.0;2799.3;527448.4;190148.1
076_O55.cdf;5791483.2;478484.1;36326.5;253.5;2401698.4;402505.8;58231.7;4113.8;2425540.8;422718.6;46248.1;4721.5;0.0;17381143.4;2884513.2;431228.8;53173.1;890.3;200640820.2;47336931.4;7035587.7;799406.8;0.0;9372791.3;1820663.2;330051.1;44526.1;8165.0;3663.4;7611.1;180125293.6;36576860.7;6239678.0;825039.8;9963.4;0.0;0.0;71271.5;10596.6;3023.8;16058.4;1938.8;317116695.8;95655397.2;17133592.9;2426540.4;116940.7;0.0;482443.3;159388.8;29798.7;1441.1;503.5;1230.8;2226.3;1060600.6;110134.4;16577.2;569.9;531352.5;60001.8;3592.1;669257.2;135154.9;29630.5;688.1;0.0;0.0;139573106.5;23848110.6;2890735.7;132246.3;18550.5;0.0;1926.7;585092.6;143316.0
077_O56.cdf;11747841.6;974476.2;81306.0;0.0;2080682.3;358321.2;60848.9;4816.9;2331485.0;415286.8;65248.2;1121.1;0.0;10702842.6;1838421.3;282749.7;40145.4;544.6;211376405.5;51952937.4;7726817.3;864188.3;0.0;8355800.2;1675096.7;286940.6;34833.6;17143.2;14874.9;10008.0;160111326.6;31595907.5;6434702.0;902055.8;14965.2;0.0;0.0;178200.3;55952.4;13714.0;10870.5;2829.9;240239948.8;70912916.2;12796884.1;1904876.7;96086.8;0.0;322968.5;99477.6;32472.2;3555.0;1620.2;3698.4;1175.7;884856.9;88240.3;14591.8;500.0;831896.4;75651.3;12888.5;384263.1;81959.9;14320.8;0.0;0.0;0.0;164888965.7;29262547.0;3769998.0;103898.0;16418.7;1258.3;1996.7;347759.9;139435.6
078_O57.cdf;4980813.5;357334.1;22421.8;0.0;2261724.8;369006.5;56882.5;2533.1;2479308.5;422517.9;56470.7;2626.1;0.0;11246393.1;1997401.6;320512.0;37884.4;1978.5;206622257.9;50236984.7;7448685.1;836553.8;1442.8;11148514.8;2048219.4;386393.2;63052.7;17551.8;12422.7;11652.5;165406525.2;32537774.6;6249532.7;948889.0;16128.3;0.0;0.0;126854.8;25818.4;2312.9;8874.4;1805.3;305348031.9;92647382.5;17198505.4;2503158.2;170125.5;0.0;385230.3;100893.8;32158.5;4270.9;772.4;2063.6;1931.4;988780.0;101384.9;15234.8;1618.5;1192216.3;121898.3;15860.4;626989.3;123547.9;25642.3;1104.1;0.0;0.0;168922462.1;30660330.5;3883487.2;113655.8;20450.5;929.9;3647.6;617410.0;182163.0
079_O58.cdf;7292777.8;600737.7;50769.3;0.0;1640416.9;283249.5;52644.5;3283.9;1417675.0;255305.2;24486.7;1473.8;0.0;9355725.7;1679319.2;251779.3;31238.0;1395.5;157535206.6;33909594.8;5006509.6;579521.9;0.0;7716334.5;1495300.5;274520.4;33721.0;17257.2;20085.7;8208.9;155146779.1;30374688.3;6017652.6;899757.6;19432.2;0.0;0.0;85256.4;30199.9;3434.1;7789.5;1712.0;247283206.4;74226564.7;13286672.8;1909540.6;80975.5;822.7;313949.3;103836.7;33457.1;5291.3;0.0;1245.9;2518.7;845620.2;83267.7;11899.8;959.6;681981.8;71896.3;6207.7;362606.6;76909.8;18463.1;0.0;0.0;0.0;154222339.7;26955322.4;3376442.2;97450.9;14047.7;0.0;4006.4;262390.5;97113.1
080_O59.cdf;7970484.8;642245.3;57076.3;0.0;2244464.4;359963.9;54315.4;3632.6;3079696.9;572974.0;83688.5;3257.0;0.0;10947294.5;1866659.3;279659.4;43288.0;1226.1;241811934.3;62292949.8;9023496.4;1047433.0;1593.9;9448075.6;1795186.3;325209.5;51421.7;15998.6;6973.2;4195.6;172511149.8;34811609.7;6227036.0;991031.2;1215.5;0.0;0.0;170029.7;50670.6;5553.1;7731.8;2363.8;281654455.3;85933385.2;15745347.1;2268200.5;183671.4;0.0;396241.9;142624.1;40243.3;6370.1;1806.5;3725.7;0.0;1084481.5;110789.6;18290.4;0.0;1043259.5;99693.0;13222.7;485404.7;88230.0;18167.0;986.3;0.0;0.0;147292881.0;25117547.1;3204922.9;113822.5;22473.6;2497.5;1410.3;1141871.3;164289.1
081_O60.cdf;8120025.5;690918.9;56273.4;0.0;1924754.2;327170.6;57676.5;4217.1;2308381.1;392935.9;59545.3;1839.9;0.0;11355980.6;2053949.2;297880.6;42490.7;770.1;209732409.0;51603414.1;7668508.8;872828.4;0.0;8873241.6;1727035.8;302783.2;47660.8;13040.9;8308.9;5369.0;166024269.9;32911423.5;6026815.1;911354.7;11869.9;0.0;0.0;171398.6;43845.5;7263.4;12058.7;6370.7;249473825.7;75368679.2;14004210.8;2034478.3;165794.9;640.3;379283.7;114161.0;31279.4;2724.8;1651.3;1119.6;2866.6;1028499.8;111276.9;21510.6;0.0;1008770.2;99576.3;12322.1;523554.7;103521.3;21448.5;1711.7;0.0;0.0;147088684.1;25309563.6;3312093.9;102719.9;16507.3;1533.2;622.3;757638.9;198295.3
082_QC_6.cdf;22794622.8;2133149.8;211392.0;0.0;5090156.0;800629.0;109197.1;11473.2;6246029.0;1052010.1;172801.1;3829.8;0.0;22511395.9;4024782.3;588861.1;70041.7;800.8;239204847.2;62230250.6;9145341.4;1063657.9;0.0;5526052.6;1078075.7;200888.1;31234.5;19025.3;7026.1;6294.4;128295686.8;24996441.7;5510990.2;767619.9;40768.3;0.0;0.0;248217.5;77114.6;15597.2;5497.7;5946.4;275355736.2;84085476.0;15481926.1;2255521.6;177919.6;414.0;241888.3;77238.9;24565.3;5075.2;3409.4;1313.6;4495.6;3283050.3;308052.9;41848.3;1533.4;1187642.6;101165.3;13482.6;872284.5;183482.6;35762.2;3210.0;0.0;0.0;161015307.9;28789885.8;3765473.4;71434.4;12978.1;1301.3;2897.4;677220.7;128501.7
083_O61.cdf;10357743.8;821113.1;85455.3;0.0;5682498.6;869806.5;107677.1;14664.5;11060670.3;1927959.9;286693.5;23747.6;0.0;25548435.7;4496559.4;644895.1;78606.0;0.0;292052231.0;79599127.7;11488191.2;1328595.1;0.0;2517909.4;516535.4;99995.2;10049.9;7112.7;3211.1;4408.8;85726694.0;16414184.3;2657280.8;365950.0;6190.8;0.0;0.0;298877.3;54753.5;1795.3;813.7;1928.3;337824730.3;104776093.9;18538953.9;2609846.1;137264.1;519.3;129279.5;39637.0;4123.0;2347.3;1536.2;2963.8;3053.1;5937803.0;567665.7;70101.1;3191.1;1110718.5;100738.4;12329.7;871370.3;162728.5;20327.5;0.0;0.0;0.0;117610365.4;19575994.8;2308956.7;68008.1;13338.6;650.9;735.3;944108.4;245027.0
084_O62.cdf;28788108.6;2827239.2;246498.5;7354.9;7680775.6;1137028.6;144340.6;17744.2;7851814.3;1406822.9;218167.9;28327.0;0.0;20423564.2;3443707.6;522381.6;67435.0;0.0;292011806.1;77828816.8;11345341.5;1297082.9;0.0;1756278.1;373770.2;76445.9;4790.7;6472.4;4727.1;1738.4;61427188.1;11378776.1;2043911.7;252259.7;5445.6;0.0;0.0;279007.8;85339.4;8428.8;8639.1;1957.5;346418495.0;110302855.6;19511131.8;2712149.0;161271.4;1932.3;107659.3;30630.9;6879.2;4144.8;1427.0;1555.5;1942.6;5068359.1;448438.3;67665.5;8098.3;1378355.8;119606.4;22670.9;1117124.0;200885.8;32370.9;0.0;0.0;0.0;99419501.5;15878841.7;2087553.6;43270.6;5701.8;1438.5;2977.7;1049227.5;194471.0
085_O63.cdf;6976143.0;563495.7;40554.0;0.0;4285370.0;708585.0;97712.9;8123.2;6186169.1;1061451.5;181064.4;23118.4;0.0;23692609.6;4052071.0;620783.9;73725.1;574.6;184260878.8;42562737.5;6330893.3;710096.1;0.0;468892.0;100947.7;12142.7;1576.5;8444.2;10090.5;6281.9;27526734.2;5521956.0;1134218.3;137226.8;24794.6;0.0;0.0;141178.8;39522.6;11211.3;702.3;0.0;108053447.4;28347681.4;5073549.9;731772.0;28425.0;1300.2;95386.7;25840.7;8958.3;2356.3;1070.0;0.0;2675.0;4126844.3;354331.0;56963.8;4917.0;589132.9;58224.7;6761.3;340209.6;70281.1;12522.0;795.6;0.0;0.0;115582369.9;18678048.9;2407020.7;26446.8;657.4;3598.9;3348.9;482990.8;84057.9
086_O64.cdf;11270724.9;908098.6;99280.5;0.0;7591082.4;1132696.6;156182.6;19092.0;14807296.6;2456461.4;359320.6;52980.2;0.0;26287838.6;4619491.4;665924.5;83213.5;0.0;277990723.9;74343075.3;10858065.1;1212702.0;0.0;1456582.6;286263.0;55666.0;11175.2;5906.1;3208.4;4031.2;70480496.6;13293729.4;2365624.4;288649.2;9909.0;0.0;0.0;280598.0;86046.9;13476.2;3568.2;2098.3;264007583.4;81008659.8;14090825.3;1987851.8;122054.9;1269.9;192949.0;60476.1;17754.8;2127.9;2931.0;578.4;0.0;7055940.2;627349.5;90431.6;3582.9;934073.7;81889.4;11216.7;650892.6;131785.8;15612.9;1294.6;0.0;0.0;107687551.5;17284580.7;2078131.3;43457.1;3851.3;2221.7;1542.9;1241077.2;286642.3
087_O65.cdf;11671181.2;943092.4;90718.3;0.0;4950039.8;801281.4;100077.5;10575.2;5546720.8;928107.3;142264.1;15700.4;0.0;23135343.3;3927984.7;585344.7;67377.4;3028.5;223362179.5;56324884.6;8267643.1;930177.2;0.0;981814.8;195975.2;40776.8;1811.4;12647.2;6196.8;1935.0;57016595.7;10674767.7;1978759.1;234951.6;7263.6;0.0;0.0;262105.4;92316.3;17658.8;0.0;3024.8;219541779.2;63655193.0;11537713.2;1641210.1;101111.1;0.0;130991.9;40113.0;8967.4;2602.8;3529.0;1622.2;2363.2;4344342.4;398223.9;60011.3;5834.1;790769.6;74628.2;7918.2;553917.6;102746.1;17923.0;0.0;0.0;925.0;92764688.7;14549925.3;1923598.6;38257.3;2638.3;3707.1;2321.1;689942.2;104831.2
088_O66.cdf;11953475.8;997251.5;96687.0;0.0;4184750.2;678067.6;87895.0;7340.5;7744657.2;1397488.9;198283.6;20267.8;0.0;21500238.1;3987744.2;584170.0;73393.2;0.0;278867473.7;76337400.0;10930145.3;1276634.9;0.0;1279154.6;259678.3;58175.0;8558.6;2468.3;3166.0;17131.9;88542499.4;17264315.8;4295928.2;636345.7;23830.6;0.0;0.0;192845.8;38559.2;1601.9;14668.4;16346.1;325696728.7;101520294.4;18614824.0;2771399.8;235421.9;0.0;149436.3;48763.7;9349.0;711.8;616.4;584.8;1104.4;3932864.0;343421.7;48525.5;2672.5;982752.5;87557.7;13724.9;878745.5;161062.1;28499.8;0.0;0.0;0.0;129354823.8;21443193.1;2732371.8;47616.3;8672.8;812.9;1161.9;696014.8;170735.6
089_O67.cdf;8852664.8;689444.0;77373.0;0.0;4264337.7;657262.5;104779.3;9290.1;6842411.0;1247034.7;193585.8;28249.0;0.0;16550722.6;2950242.2;461497.8;68406.8;929.8;255360591.8;68249653.6;9851255.4;1133595.2;0.0;1808748.1;394367.0;82370.1;8989.1;13677.0;7490.8;8183.9;53976718.0;10267144.4;5146379.3;845054.4;51363.4;0.0;0.0;225305.8;79806.6;6320.4;4927.0;2817.1;306720350.1;94945710.3;17650205.5;2576526.7;152525.4;1116.6;82375.4;27777.6;23009.9;580.1;1552.9;1844.3;2166.7;3338144.6;303061.7;50453.8;1967.4;1282593.4;122610.9;17917.5;658169.1;127372.1;19868.0;0.0;0.0;0.0;143001644.1;24609399.5;3052467.5;36391.8;6897.1;2738.3;5717.3;600764.6;125710.7
090_O68.cdf;11877190.9;969865.4;95234.5;0.0;4709593.8;728650.8;94648.4;9988.6;6769523.6;1178277.2;181951.8;16934.3;0.0;24814243.5;4603566.9;665612.7;81968.9;1843.2;280687011.6;76984078.6;11147372.5;1257385.8;0.0;2102562.8;460098.9;98443.5;11422.9;21437.6;6763.4;19360.5;79451582.6;15647080.8;6706738.2;1053540.2;36639.5;0.0;0.0;344537.2;99456.7;7848.1;14942.5;12598.2;340294250.7;107215756.4;20039934.4;2911019.1;262526.6;624.5;111607.2;30620.4;12907.8;2957.8;3050.2;4299.9;0.0;5727117.6;546647.4;70969.1;4142.3;1454405.2;122943.6;20354.7;1380143.4;274499.4;56042.4;0.0;0.0;0.0;149555160.2;26218913.2;3338916.8;44273.2;3725.6;1702.6;2603.1;659214.6;233135.3
091_O69.cdf;5088689.6;402850.8;27259.2;780.1;4042742.5;650489.0;89370.9;7632.7;5511670.6;1051434.1;158693.5;9926.6;0.0;25715181.8;4770836.2;714546.7;90930.8;0.0;317183625.1;89356476.7;12872825.3;1475133.5;0.0;2110785.5;451974.4;92665.9;10797.3;2005.5;0.0;25785.0;102130280.4;19999707.1;6241906.3;944958.0;39110.5;0.0;0.0;451481.9;92852.6;2181.3;7707.6;24132.5;358035767.3;112729111.7;21036325.0;3071105.1;233552.5;0.0;138595.5;34435.0;2879.7;2874.9;1015.0;0.0;547.0;5380193.8;497020.3;68262.3;4242.0;1188021.9;116581.7;15249.4;1661476.0;333335.4;45870.3;0.0;0.0;0.0;166771560.6;30025557.3;3765503.7;44107.6;7206.5;2073.9;1526.8;1177353.1;219640.1
092_O70.cdf;7026186.5;564698.5;50985.4;0.0;4292318.0;689737.5;102960.6;10526.0;8163613.9;1429340.4;220996.0;27300.7;0.0;17779452.4;3401582.9;525659.8;68345.2;0.0;211692498.7;52758108.9;7803287.3;902689.9;0.0;1663875.8;339223.3;80970.5;11881.8;17761.4;9338.0;6133.2;45038536.9;8854779.0;6981259.6;1117880.7;46739.8;0.0;0.0;158114.9;49366.6;8209.2;7864.3;2792.3;191488783.0;53747528.5;11269844.5;1770719.2;110439.0;702.9;92755.1;33743.5;17757.3;2712.4;4154.2;0.0;4646.0;3756398.9;335690.2;41875.8;2210.2;805380.3;70892.7;8319.5;453763.8;89941.0;23680.3;1072.4;0.0;0.0;170645178.9;30650405.2;3932130.1;28662.5;3929.4;4551.6;2098.6;561029.2;128288.8
093_QC_7.cdf;23291710.8;2169725.8;217112.3;0.0;5077835.8;799787.8;109794.5;13533.4;6160228.9;1145175.6;166512.5;10987.0;0.0;22930292.4;4079716.1;593587.3;79327.3;2961.8;241075797.2;63098056.1;9154023.8;1055575.2;3941.0;5660681.3;1128313.8;200814.3;30321.6;22497.4;5096.0;5833.9;127396648.0;24887240.8;5369613.7;768901.6;4914.4;0.0;0.0;262518.9;82289.2;15247.8;7385.9;5481.5;274634596.6;85026877.8;15502818.0;2266024.2;170230.0;421.9;256487.1;82725.9;26362.2;2322.6;3794.4;3400.1;1289.9;3284154.2;301512.4;39206.4;2182.4;1291784.6;110947.1;16552.5;878774.5;190691.9;34682.3;0.0;0.0;0.0;162819110.1;28762735.5;3655817.1;68943.9;14151.0;631.3;3598.7;763370.5;148808.7
094_O71.cdf;13548451.5;1162655.1;108872.0;0.0;5466400.5;878085.7;119829.3;11765.4;7201805.9;1276377.1;184132.3;9066.0;0.0;28182832.5;5021308.5;731109.7;90907.4;1272.7;234153587.5;59627499.8;8755955.7;1005448.4;2063.0;3202511.6;668317.3;120477.2;16077.7;17523.4;2197.7;3142.5;154299039.7;30255190.5;4830338.4;637696.6;3246.1;0.0;0.0;235590.4;66382.2;19292.4;1959.9;0.0;207429802.3;59914979.2;10695081.4;1521573.1;96803.7;1713.9;443862.1;124266.6;32733.2;5286.2;7131.6;4448.1;2265.4;4518123.0;424626.4;60072.7;4359.8;675001.7;63909.9;7357.9;1009056.4;198754.5;31295.8;0.0;0.0;0.0;139955155.9;23793753.3;3005130.9;93572.7;16210.5;666.5;1204.0;467290.4;69810.8
095_O72.cdf;17592695.6;1607584.1;159732.7;0.0;9063635.2;1358069.2;185423.7;22614.7;9330440.3;1560959.6;250502.8;17750.3;0.0;30067061.5;5334993.4;766731.1;93551.4;1718.5;251755683.5;65232892.6;9489151.8;1099640.7;9637.3;5908894.9;1199255.4;207305.2;30033.4;7804.1;4749.1;3573.4;97058794.0;18651869.0;3011052.4;406861.2;4568.0;0.0;0.0;121949.7;40101.0;10855.6;1424.6;1445.5;133606088.9;35780218.6;6205298.9;931649.2;45459.9;2283.8;287020.1;88806.8;23847.5;6176.9;3133.3;4790.7;4128.0;5548286.5;478601.1;63068.5;5991.1;592162.4;53309.3;4619.0;769921.8;187661.4;29029.1;0.0;0.0;0.0;145811892.8;25030691.6;3127889.3;61094.5;8923.7;2188.1;3640.3;904600.3;235272.3
096_O73.cdf;12143443.6;1009742.8;93658.7;0.0;5242659.2;825374.3;122051.9;17178.0;7783687.2;1357382.1;208857.0;26977.6;0.0;28818202.5;5044124.6;719143.9;89303.6;2825.4;204398106.3;49729758.8;7311899.4;853454.9;0.0;1629621.7;342184.2;66040.1;5723.0;23253.2;14771.2;6721.9;51700311.8;9735382.1;1687531.2;227530.2;12740.7;0.0;0.0;206561.0;57381.9;22192.7;2033.9;0.0;116560796.8;30076622.0;5367969.5;757277.1;43213.1;1233.7;154354.3;38127.3;12486.9;1820.8;2856.8;2752.4;2918.6;4927858.8;422159.5;57096.5;6087.4;337568.5;33016.4;3156.1;495462.3;91114.0;17402.8;0.0;0.0;0.0;135807963.7;22797369.9;2925413.6;32136.5;3594.2;4160.6;635.0;716909.4;94272.6
097_O74.cdf;7131862.4;608997.1;51793.2;435.5;4896219.2;801084.7;102178.1;15334.3;6253640.9;1085146.2;183479.8;16410.0;0.0;18704510.2;3155109.3;469673.0;61142.5;2306.8;215589520.5;52804802.5;7774511.0;898151.6;0.0;3211589.5;670694.5;130558.3;20790.0;6386.4;8428.8;4197.1;57087814.3;10756319.2;1956812.1;238961.9;8446.2;0.0;0.0;117359.5;41001.1;9752.1;1235.3;656.0;66218992.9;16437770.5;2828039.7;448321.0;20719.3;0.0;141365.0;49100.8;11304.1;3319.9;3129.5;999.4;1771.2;3450395.2;289171.7;40834.1;4203.8;289239.2;31013.8;2564.7;243606.2;39965.1;4676.8;0.0;0.0;0.0;129224821.6;21558943.4;2828857.1;32452.7;4948.5;1308.8;2386.2;632262.4;92687.5
098_O75.cdf;9547703.3;831851.8;62851.7;0.0;7078762.4;1137083.2;150625.6;17184.6;12748567.7;2121926.7;316896.7;29082.8;0.0;34378632.5;6170255.7;868604.4;108509.0;4723.3;273417681.8;73269246.7;10647127.2;1178461.3;0.0;5713974.5;1125519.7;196013.4;28578.4;6445.3;1233.6;2979.8;97717627.8;18908969.9;2955062.5;407590.6;4112.1;0.0;0.0;306436.8;98616.7;30671.0;3563.4;0.0;108031622.5;28006997.4;4866210.9;735116.4;27310.6;2224.8;276146.3;88018.8;22690.7;4417.7;4156.0;3913.4;2686.2;4194238.7;373693.4;39415.8;2949.6;269937.2;30763.1;1439.4;581804.4;115538.7;6736.9;0.0;0.0;0.0;121833198.3;20092982.4;2458374.1;51924.3;5167.1;3268.7;1724.7;761406.4;166033.9
099_O76.cdf;7458605.8;649449.8;63720.3;0.0;3554974.3;603473.7;90231.8;4931.2;9299228.1;1590338.7;243565.2;20930.4;0.0;14401862.2;2577973.3;395199.5;54266.8;920.5;230966421.4;58612679.6;8575698.9;1006401.5;0.0;4468248.7;931068.8;171180.4;24784.5;10182.3;3748.1;4169.4;80649086.1;15566689.1;4143434.2;650276.5;25902.0;0.0;0.0;102547.6;31188.8;7523.5;1386.3;0.0;82226474.1;20652486.5;4628311.4;783991.9;82648.0;2554.7;192537.1;57641.6;26352.2;2745.2;4194.3;1180.2;6278.9;1584421.1;131731.7;24004.7;1884.1;454257.4;54509.1;5837.8;290015.7;54579.1;13276.1;2210.0;0.0;0.0;165961250.4;29780660.9;3784726.3;38049.7;6372.8;3520.3;1032.5;686946.1;103693.3
100_O77.cdf;6772543.0;598333.9;51795.5;0.0;3343539.7;564242.3;83927.8;9695.5;3691674.6;657643.8;99476.8;4898.3;0.0;14085197.4;2563122.7;400893.7;46258.8;487.6;161586653.8;34886812.9;5214011.2;609265.8;1225.0;7140823.4;1394074.0;265448.9;36689.9;8985.9;7710.3;6018.2;63789750.5;11909220.5;4485531.7;690388.8;40429.7;0.0;0.0;41222.5;9732.8;2830.4;1123.3;0.0;94141724.7;24355203.8;5265891.5;879717.7;57752.6;2107.5;174816.4;50013.9;31314.9;5511.3;6992.1;4258.2;1689.8;1224385.8;115655.2;14741.5;607.6;262523.2;27049.4;1393.1;372056.6;88595.4;17742.2;2794.7;0.0;0.0;170205948.1;30539441.5;4011219.5;32621.9;5207.1;1662.2;4693.3;604080.6;90850.2
101_O78.cdf;10014801.5;857309.3;76158.0;0.0;3430187.8;600713.2;88597.8;8035.8;7772171.4;1375564.7;204097.6;18472.0;0.0;13266855.8;2318734.8;365769.5;50296.4;1303.9;230839500.8;58780590.6;8588671.3;1005116.4;0.0;6258405.1;1229637.1;216795.7;39564.9;18730.9;7112.4;7045.7;85814740.7;16545597.7;4188613.6;631196.2;48132.2;0.0;0.0;213540.3;69337.9;19786.1;1273.2;1317.2;62937667.8;16017280.4;3651034.8;629979.8;34438.0;975.4;178978.9;55634.8;24992.0;2312.1;6251.2;5344.3;4964.2;1529474.9;149161.0;24712.3;0.0;303794.3;35699.5;3386.9;351936.4;71485.7;19366.8;0.0;0.0;0.0;161924676.8;28569089.3;3626801.2;36826.3;6147.4;2873.1;568.1;639360.0;131915.9
102_O79.cdf;10917344.8;942266.1;99086.6;0.0;4103542.2;682859.9;100035.8;8997.2;8018833.8;1422963.1;208223.9;22155.8;0.0;15101358.7;2670885.6;421076.4;51453.7;2329.9;222802054.4;55600684.8;8123318.8;907941.7;899.5;5989593.5;1164111.6;209570.5;27539.5;5229.0;6977.4;9303.4;81076124.4;15841712.3;5437187.2;872475.0;30808.9;0.0;0.0;88511.0;23199.7;6531.4;0.0;0.0;81360461.3;20551400.7;4958826.2;865094.1;61342.6;9041.0;195759.7;65445.0;39343.1;8408.2;2313.3;532.1;2966.6;1671079.0;150726.0;22777.0;711.2;321940.6;31908.5;807.3;333807.1;75486.7;18072.9;0.0;0.0;579.6;162467903.3;29166373.6;3732882.1;42061.6;9329.9;1836.9;1315.1;683954.4;93401.0
103_O80.cdf;8677180.6;742311.6;63522.8;498.9;3893257.5;687608.0;99092.1;11701.9;7238778.2;1279872.4;182449.8;21039.7;0.0;17732162.1;3322705.6;487596.9;75085.3;2492.7;197999674.7;48074535.9;7139190.7;831276.5;0.0;3641303.6;738664.2;138495.5;25784.6;15831.6;16883.9;2607.0;57489402.6;10846938.7;4901813.4;821114.8;23227.8;0.0;0.0;152137.5;42157.4;18185.9;3154.3;0.0;100121441.8;26057142.6;6120479.9;1062750.5;86943.3;1090.3;133767.7;41072.3;23684.1;3837.8;4499.8;2678.4;8213.0;3239913.5;283764.9;41399.0;1915.6;428663.9;46713.7;6083.8;445310.8;93444.9;29772.2;0.0;0.0;0.0;150217983.8;25965663.5;3303970.2;32672.9;2769.2;1373.8;862.2;585130.4;129238.6
104_QC_8.cdf;23402947.8;2127063.1;213091.8;550.8;5231826.6;799801.9;105843.0;12499.6;6364509.7;1145908.3;160478.6;10966.3;0.0;22975509.8;4125407.4;587986.1;74583.7;575.7;242079841.4;62932097.5;9240249.4;1067215.5;0.0;5579587.2;1153459.8;194503.1;29907.1;23519.7;9091.1;9436.5;129053102.6;25254445.3;5163383.2;794571.0;15027.1;0.0;0.0;315964.6;103843.4;18627.6;8725.3;3058.9;274838706.9;84601044.7;15440575.7;2228361.9;197115.8;671.9;269841.7;82373.5;27751.5;5557.5;4386.9;2642.3;5262.5;3315905.3;297139.7;44474.3;3718.9;1394216.0;135986.3;14337.9;948574.2;172687.7;30510.4;1009.6;0.0;0.0;163298425.9;28586599.7;3710874.1;64440.4;11523.1;593.0;3826.9;717168.0;69338.1
105_O81.cdf;8648541.3;706648.9;55838.8;0.0;2795840.0;457483.4;74058.5;4602.3;3253014.3;580449.5;86912.1;5315.8;0.0;17478233.9;2981958.3;453320.1;57991.3;631.9;205753208.5;49957508.9;7464711.8;859268.9;0.0;9184917.6;1742401.9;301725.9;43586.9;18222.8;10757.7;4483.4;167112631.4;33079576.4;5148779.8;734966.0;6785.7;0.0;0.0;170958.0;53635.1;9313.0;1254.9;2070.5;226922669.7;66553656.2;11798671.9;1718076.0;75836.9;634.4;456984.1;137399.9;34201.2;5813.0;1703.1;1489.4;1569.1;1623204.9;162427.9;28204.0;523.0;586513.7;59274.4;5520.4;463428.3;93407.7;17314.6;0.0;0.0;0.0;125893657.4;20891240.9;2872918.8;132716.0;22385.0;1982.2;2359.3;260603.4;197090.4
106_O82.cdf;9148530.1;752305.3;66442.4;0.0;2818826.9;439881.7;64891.9;6500.6;3077256.2;546907.1;74983.0;6084.5;0.0;18230486.9;3083354.5;455808.6;57069.9;1240.8;229733941.2;58285175.6;8424745.2;974788.4;0.0;8584467.3;1650504.3;290763.7;40045.9;14926.1;13061.8;3768.6;166895208.1;33147550.2;5115730.5;742011.5;700.0;0.0;0.0;218053.8;57925.7;7116.0;6433.0;4440.5;289252562.7;90102015.5;15952535.3;2274094.7;130041.4;645.0;402881.0;128052.8;32249.6;4885.4;1945.5;4324.5;2106.1;1284224.0;124859.7;16580.3;1186.4;938724.1;84006.4;13703.7;548082.0;108104.8;17432.8;0.0;0.0;0.0;117204613.1;19101969.2;2412194.4;130150.2;26505.2;4000.2;2865.5;475670.7;203208.8
107_O83.cdf;13862994.6;1160939.1;114166.0;0.0;3333641.2;548700.4;83279.9;11610.5;2994782.2;523535.3;80858.1;3395.1;0.0;19040346.2;3207074.8;477409.5;53401.4;515.3;226904332.3;57837582.2;8433547.9;974220.7;3268.3;9452205.5;1816866.0;318608.8;42543.6;14118.5;10950.3;3912.2;171651570.4;34166152.0;5326035.4;774843.0;0.0;0.0;0.0;222920.0;62495.1;7561.9;14150.4;6714.8;282247035.3;87358333.2;15300973.7;2174502.2;122891.1;0.0;488823.0;164941.7;34482.1;7637.9;2434.9;3150.6;2634.9;1499793.3;145637.1;22251.4;0.0;739580.3;70533.8;9298.2;593987.8;101203.5;15452.8;0.0;0.0;0.0;116108948.4;18841912.0;2433175.8;136934.4;14336.7;1580.5;576.0;433812.8;197876.2
108_O84.cdf;8283092.6;712754.3;60259.4;0.0;2157187.6;364261.6;50071.1;4603.0;2516896.8;444348.9;56646.0;1164.7;0.0;14449157.2;2456872.2;376307.1;53798.5;0.0;209641976.9;51805249.5;7689785.8;864722.9;0.0;6820204.4;1372099.6;227862.8;24587.2;19558.2;10957.6;2962.0;167976025.3;33333348.7;5098669.9;741891.6;3895.0;0.0;0.0;269370.3;75619.3;15335.7;5394.9;3998.3;228553398.1;67825957.7;12067609.4;1713135.9;75388.8;600.7;470645.2;144661.2;29663.2;4192.9;2704.5;2177.2;1103.8;919324.9;107046.6;19672.6;0.0;784717.9;71919.9;10593.7;396683.3;76109.0;13570.1;0.0;0.0;0.0;94539010.4;14467190.6;1929132.8;127980.5;26028.5;1253.1;2954.9;540009.3;146698.7
109_O85.cdf;20514339.3;1926873.6;196452.6;0.0;3037533.9;524295.2;66913.0;7188.1;2789014.4;477595.8;62588.0;1376.8;0.0;20768976.0;3542235.8;508789.0;62717.2;577.7;195692016.3;46905415.0;6996251.0;791511.1;1004.0;9228342.6;1756327.7;295457.9;34801.8;33634.0;14865.2;3291.4;167798347.3;33336330.9;5177100.5;741471.3;13280.8;0.0;0.0;348176.8;109564.1;21432.3;7666.2;1212.0;217110431.8;61889989.5;11241843.9;1562610.1;84707.5;5098.8;449719.6;141520.3;40582.5;7054.9;4408.8;3387.6;1997.8;1422345.0;138980.5;24623.2;1023.6;647805.4;60988.8;7565.6;564346.7;92720.4;14347.7;0.0;0.0;0.0;103436303.3;16036536.7;2132607.2;118469.7;12382.7;4016.4;1230.9;351578.3;173678.5
110_O86.cdf;8723701.6;735195.4;62403.7;0.0;2163077.5;369848.1;62801.3;2110.6;2602730.3;455423.5;50945.0;0.0;0.0;13399615.3;2400791.0;363249.9;46538.5;1308.3;169867584.8;38932654.8;5819790.9;686174.2;901.7;10005187.8;1904209.8;383313.0;79775.1;48099.7;20600.9;41058.8;178595873.3;37077933.7;7654398.4;1277785.4;14886.2;0.0;0.0;147266.1;19419.5;3114.6;13390.6;29132.8;325885561.2;102328493.6;18597833.8;2602484.6;183076.0;0.0;629778.4;181694.3;49314.6;8760.1;7995.3;5067.9;4511.3;1229814.2;120234.6;16921.7;1230.1;915473.8;85433.4;9148.7;1017122.0;206178.2;46877.2;4123.2;0.0;0.0;223602988.5;45049033.7;5899862.9;123671.6;22765.1;630.7;1849.1;181321.2;105037.7
111_O87.cdf;11743941.4;1003197.0;92251.3;0.0;2290025.3;387263.5;58321.4;4044.4;2279333.1;424418.2;45270.8;2228.6;0.0;7518543.3;1400635.2;216766.4;29115.6;642.7;193000463.8;45739195.5;6738116.8;801655.0;1008.8;7894754.1;1578516.9;283586.3;53429.4;22208.1;8926.3;7273.6;163434615.4;32395883.3;6808356.0;1018946.5;30768.7;0.0;0.0;116822.4;34252.8;2900.3;17811.3;2719.9;257131232.3;78327297.4;14085712.5;2047767.0;116073.2;0.0;397716.1;135491.8;40031.0;6172.2;4248.3;2534.8;2885.0;1032198.9;109232.2;17509.8;604.4;684777.7;69233.0;7229.4;478822.9;88578.1;24429.2;0.0;912.7;0.0;186804644.5;34449730.0;4465594.2;134816.2;19103.7;2514.3;6425.7;354839.1;177789.7
112_O88.cdf;8592628.8;709782.3;59361.5;0.0;2159876.1;374235.3;53979.9;6570.9;2719025.4;516230.9;61910.6;4777.5;0.0;11937204.3;2135601.3;326809.6;38676.9;1209.7;217282216.9;54835062.5;8058563.5;952837.4;0.0;10680295.3;2007864.4;377279.4;52611.4;28390.7;9173.5;10702.3;170601204.7;34272670.7;6542186.7;1057972.1;3891.4;0.0;0.0;264367.2;82021.2;10119.7;13592.5;10641.5;264714895.1;81332131.3;15309890.8;2207925.7;176746.5;1371.0;480985.0;157284.9;42815.0;9486.5;4162.5;1765.1;2082.0;1186490.1;116120.3;14561.9;0.0;856726.0;72934.8;14022.2;577001.4;108396.0;24326.4;1737.8;0.0;1819.7;134638626.3;22590203.4;3017697.5;121308.6;15985.7;0.0;3941.2;359780.5;161748.2
113_O89.cdf;12621080.3;1060980.2;110029.6;0.0;1839002.7;315785.9;54921.6;2683.5;1677350.1;294270.3;37565.9;1250.9;0.0;8292063.0;1537385.4;237727.1;30013.6;1583.4;181868959.8;42237825.4;6328968.8;753004.4;2509.8;10429104.2;1974674.5;378410.9;59424.9;29095.6;14865.8;6156.4;172784891.1;34965383.5;6352829.3;991944.9;15100.2;0.0;0.0;138696.0;43458.7;3719.0;18049.9;8188.1;244544289.2;73828847.2;13360093.2;1916657.9;138120.5;0.0;467384.2;147878.3;41603.2;6566.2;1865.1;1431.0;2660.6;1009431.5;101297.5;14797.6;482.0;845791.7;83417.1;6705.5;489269.5;94101.2;26290.2;0.0;0.0;0.0;171706057.5;31140152.7;4047310.6;144453.4;17456.6;922.4;5097.9;271055.5;102397.1
114_O90.cdf;7808580.7;629290.7;56169.4;0.0;2986968.8;512216.7;87896.9;7167.8;2099530.4;382512.1;45265.9;1487.1;0.0;14302326.5;2579904.5;407474.2;56513.5;634.0;194529265.9;46755236.5;7005906.4;812727.4;0.0;8347240.2;1611092.4;298053.0;53406.3;19677.0;18789.5;17177.7;151450812.1;29587746.0;7181858.4;1213310.1;38094.7;0.0;0.0;147400.8;36612.2;7249.8;13430.0;16447.7;300186152.9;93486285.8;17158737.9;2551184.4;170189.7;2195.9;285993.3;95268.1;31132.7;5709.2;6643.6;4925.9;6981.9;2024861.0;187233.6;30810.4;1963.6;831119.7;78916.1;13401.7;831028.2;154594.4;49163.4;0.0;0.0;0.0;193426288.4;36023256.0;4560743.0;81213.1;16437.2;613.2;6941.4;428389.5;126381.9
115_QC_9.cdf;24087936.0;2261096.5;200454.8;0.0;5168325.0;829191.0;109229.4;13532.2;6325879.8;1151029.2;173888.6;8676.4;0.0;23226375.4;4136700.0;627074.4;66253.3;2916.8;242544433.1;63583506.7;9259196.8;1072040.9;0.0;5638339.6;1125114.3;208386.5;35640.4;44380.6;12113.4;4450.0;128680126.5;25024296.6;5133775.3;767213.3;32633.5;0.0;0.0;359298.1;103155.1;22244.2;8654.5;5737.7;273034057.1;84263448.4;15437300.9;2235066.3;128246.3;0.0;290956.5;93584.1;30084.2;2782.1;10494.0;3367.5;6437.8;3229728.7;293538.5;46459.6;2079.0;1524192.2;142471.7;20093.1;981956.5;177442.0;37271.0;0.0;0.0;0.0;163177040.7;29081445.5;3738154.5;66098.4;14169.5;1092.3;1960.8;459335.6;56034.6
116_O91.cdf;11314972.0;963764.7;86027.1;0.0;7404848.6;1161187.6;146809.5;20093.4;12260768.0;2103880.4;298218.8;30346.4;0.0;30948478.6;5408068.1;743172.9;95567.6;2747.1;282558740.4;76656002.4;10875261.8;1282629.3;0.0;1414947.2;282233.8;52817.4;9780.6;13751.9;1765.6;1418.4;79122153.0;15120024.2;2542850.6;339242.9;7544.9;0.0;0.0;607394.1;176249.6;28375.0;8686.4;4018.3;283297731.4;89098609.0;15653642.8;2196481.1;112321.0;3976.8;191087.3;56234.8;18693.2;2689.6;6856.0;1891.1;3107.4;4430352.9;392938.9;59246.5;4626.4;2218480.8;185668.4;23139.7;958196.2;183513.0;39285.0;0.0;0.0;0.0;146295976.1;24911825.7;3388292.9;40679.9;5109.8;1828.8;5115.2;725380.9;147435.4
117_O92.cdf;20125905.5;1820560.1;176450.8;644.7;8106724.4;1279032.6;166313.5;24884.3;12494400.1;2057140.6;305251.9;43321.3;0.0;38494895.5;6727225.6;937046.7;107896.9;1515.8;249916902.3;65673233.1;9598709.3;1068150.1;0.0;1370794.1;286490.8;54334.6;6600.6;35446.4;7657.9;6326.8;50007114.8;9483273.3;1658636.4;216789.8;7445.0;0.0;0.0;559688.0;162881.6;51979.1;6291.2;3382.8;153600164.3;41076430.9;7231063.7;1074295.7;37685.6;585.7;188701.0;58797.6;16723.6;1226.0;4568.0;4226.3;5302.2;5183088.2;475230.5;61841.8;6093.0;550350.7;57314.4;4696.2;554523.6;94390.7;14867.8;0.0;0.0;0.0;160554320.4;28567911.0;3628573.7;25730.9;2600.8;2329.4;3986.5;1036556.5;169157.4
118_O93.cdf;6988423.6;545089.8;35020.5;603.4;4489122.0;738777.7;89581.7;9748.6;6437371.4;1110602.1;176812.8;7195.1;0.0;25630454.1;4453875.8;633898.5;75228.4;525.9;294055103.1;80628904.7;11621279.8;1318104.7;1494.1;1739368.6;368778.0;73985.8;1245.9;13107.1;2483.9;2914.7;84536251.4;16180888.9;2695343.7;346129.3;12279.8;0.0;0.0;453874.8;125768.2;7111.3;9169.9;6153.0;347617090.9;111095684.3;19581535.2;2733914.3;138095.7;612.4;140167.5;43903.5;3906.3;3070.5;4045.5;5603.1;3215.4;3113860.4;298042.6;40588.6;3342.5;1956276.3;170235.5;27984.7;1405862.5;280953.2;35402.2;0.0;0.0;0.0;158887161.9;28147506.5;3566617.7;47340.2;2416.3;1286.6;2522.0;752238.8;298602.9
119_O94.cdf;8164440.3;656561.6;61340.2;0.0;5817777.8;938208.5;121938.6;10377.4;9300604.9;1579444.7;232663.6;20344.9;0.0;27952041.9;4929443.5;716489.6;91287.7;730.1;269527673.8;72153012.9;10398959.5;1167452.0;0.0;1628970.3;318999.0;60435.6;5623.7;20745.9;640.0;1266.6;71769574.1;13759808.2;2256941.3;283223.7;6726.0;0.0;0.0;517273.8;155396.2;37732.6;6704.7;2688.5;274572084.1;85598017.2;14932957.5;2099047.5;116896.6;768.3;221337.4;62129.6;16364.2;1024.8;8606.2;2066.2;2188.8;3273029.1;290217.0;46117.3;1928.3;1741313.4;162071.1;24238.1;797558.0;139164.9;19493.8;0.0;0.0;486.7;128100079.7;21308179.7;2601136.1;33593.6;5405.6;3825.4;1952.0;778916.9;178529.3
120_O95.cdf;73777175.8;8614192.2;786226.4;32155.5;13398876.5;2043292.8;255309.0;29389.8;7655736.4;1311646.1;205521.3;18660.2;0.0;24831372.8;4257469.4;599328.6;79953.6;0.0;307717667.5;85168304.1;12154891.1;1377477.6;0.0;1500113.2;321319.2;63405.4;0.0;16070.0;2312.1;3455.7;95765800.6;18460507.9;3040271.2;392558.8;12847.9;0.0;0.0;496289.6;160686.8;27868.9;19059.7;13446.6;357346329.4;115426695.9;20618448.1;2903710.2;199110.0;3557.0;183667.0;63875.8;7597.6;1797.7;906.0;1286.9;1499.2;4160710.4;385070.8;48843.8;2475.6;2771998.8;234568.8;34513.9;2437229.5;471482.5;77049.5;0.0;0.0;0.0;149768751.4;25725359.2;3265648.0;55664.8;5275.8;464.3;0.0;797726.0;212707.9
121_O96.cdf;14581951.2;1284467.3;123474.8;0.0;5440224.6;871990.0;114542.2;11435.6;7065377.4;1256257.8;204466.5;22940.0;0.0;21024227.3;4173727.3;625682.5;70407.1;599.9;275590987.3;76421712.4;10919613.5;1265688.8;0.0;1617390.2;329922.9;81109.9;16259.0;22819.4;4360.6;2590.1;63427796.0;11966761.8;6798185.6;1068708.6;30139.3;0.0;0.0;473803.1;142769.0;16467.8;4361.5;1368.6;329084832.9;105662569.6;19928566.1;2947465.5;194298.6;555.3;105598.5;35281.8;6781.7;4152.2;7084.3;644.0;1027.0;4954168.0;438486.0;57466.6;3005.0;2169946.9;184558.2;24365.7;1042433.2;203107.8;35118.4;0.0;0.0;0.0;178467224.3;32744359.1;4271406.1;26330.0;9668.6;1703.0;3276.9;710153.0;141818.2
122_O97.cdf;19949769.3;1859784.0;179439.6;0.0;7508546.0;1144943.5;142291.4;17800.8;6558946.8;1150700.2;177983.1;17317.8;0.0;13770956.3;2559010.1;391113.1;53288.0;1222.9;263258542.7;71054340.9;10237691.4;1171914.1;8315.3;2076029.2;459812.7;107417.7;7950.8;30790.9;11882.2;7530.0;62286411.5;11887427.0;7018136.0;1138740.8;32055.7;0.0;0.0;323606.8;93884.1;6482.4;3500.2;630.8;314873067.7;99472195.2;19876942.2;3036005.1;252202.5;633.2;99659.8;36677.9;13790.1;2291.9;9193.8;0.0;1503.8;5771107.5;551467.9;67870.7;4169.5;1776864.3;155079.6;27273.8;900584.9;174526.4;41876.9;0.0;0.0;713.8;164826967.2;30203048.6;3863536.9;33229.9;5052.4;0.0;8760.2;709932.3;225543.2
123_O98.cdf;8230032.2;660261.0;44972.1;0.0;4448629.0;724240.6;88112.2;7112.2;6607363.5;1195831.7;185657.2;27579.1;0.0;16075461.6;3043747.3;465718.1;65790.1;0.0;261655158.5;71620758.7;10494102.3;1202231.9;0.0;1493720.8;303050.2;77124.3;8085.6;31189.9;8772.6;5695.8;46033314.0;8978953.3;4954311.9;819918.9;36264.9;0.0;0.0;407821.6;121411.0;11492.9;3384.5;0.0;315165250.3;100657381.7;19079398.5;2866878.4;262519.7;0.0;73942.5;23110.1;14286.5;2118.8;2962.9;645.1;5545.1;4779018.8;421137.7;54179.8;4052.5;2031295.2;178951.1;23428.7;865799.2;169714.8;40823.2;1138.1;0.0;0.0;173266636.0;31855061.7;4180344.0;17842.4;3463.7;2586.5;678.0;576933.4;140252.2
124_O99.cdf;9460423.3;757242.6;69197.4;0.0;4421863.0;708599.0;102402.6;8362.8;7596215.8;1341689.4;219388.6;15970.1;0.0;17678890.3;3225344.6;485466.3;63805.1;1124.3;238712350.5;62790726.0;9157287.3;1057654.8;0.0;1662185.1;344809.7;76131.3;14920.3;15968.5;7018.5;2605.2;67306458.2;13028840.7;6279618.0;990030.0;35159.0;0.0;0.0;264041.0;69236.4;13956.2;3814.8;1027.5;290772557.3;91651340.3;17351516.7;2602491.1;230366.3;629.3;114306.4;41477.5;22205.7;2450.3;1916.2;5680.4;4330.1;3973884.4;371077.5;49081.6;2544.5;1344320.8;128933.9;20978.3;919724.4;164679.5;45916.9;0.0;0.0;0.0;143318465.5;24606823.6;3243924.3;33699.6;5626.3;2039.6;2801.0;458804.6;174569.5
125_O100.cdf;7368170.1;608481.0;54987.0;0.0;3357841.4;544813.8;77940.6;10294.0;7316599.7;1292821.2;198677.2;24948.5;0.0;14416547.0;2586477.2;386798.4;53715.7;1189.6;253796714.4;68188472.7;9824904.0;1116609.6;1675.1;1615602.5;332313.1;86852.7;6557.7;20880.2;12580.8;6016.4;56250052.2;10828953.5;5510509.0;896200.4;35947.2;0.0;0.0;293119.8;93253.9;7870.2;2346.9;924.0;299317018.5;94491363.1;17412839.9;2527814.7;171094.1;836.2;87071.5;20722.9;11244.7;0.0;2292.8;3534.7;3282.6;3064159.4;277131.2;40144.0;2581.1;1340421.8;111093.3;19692.6;647757.8;123975.9;26940.0;0.0;0.0;724.3;172717486.5;31046702.0;4023362.3;33457.5;2247.9;2150.6;3942.4;642701.7;123761.5
126_QC_10.cdf;24581942.3;2274511.0;212338.6;0.0;5022872.3;779496.7;114931.2;14492.0;6514488.1;1152583.6;171531.1;10207.7;0.0;23308830.4;4247481.8;604079.3;79576.6;1485.2;244995550.1;64248626.8;9430657.1;1070356.8;0.0;5630436.6;1180023.1;208550.4;29675.7;34099.0;5318.9;8816.0;129242966.8;25304668.4;5251101.4;729053.8;29763.9;0.0;0.0;415033.6;111201.0;24802.2;11129.4;1238.0;272568068.4;85253106.6;15426449.2;2195842.1;161431.6;1487.1;284717.5;75357.8;36085.2;8410.0;12505.7;2947.9;8221.8;3407294.9;293134.9;39330.5;3466.1;1679323.4;148486.3;20436.2;971100.0;185829.9;41565.8;0.0;0.0;0.0;162898596.7;29466279.1;3835746.6;70792.9;10776.1;2233.8;2957.0;813266.9;169884.3
127_O101.cdf;9042537.5;746463.4;73755.4;0.0;6976190.1;1114470.6;159885.6;15437.0;7837248.9;1368477.2;199963.2;16252.4;0.0;25263886.9;4339973.8;667766.6;91708.8;1638.8;220640344.8;55374712.7;8116462.3;913527.7;2381.9;4747743.4;940921.2;168974.2;28354.7;13954.3;7905.5;5765.2;109927343.4;21599088.5;3548235.8;467946.5;11573.2;0.0;0.0;207399.4;64791.5;11551.2;2498.7;0.0;118927260.0;31142564.8;5512164.4;817721.7;30633.0;0.0;356355.2;103322.6;29391.1;6152.2;5598.6;3127.8;3961.0;5202468.4;468634.7;70664.7;5173.1;334505.6;31993.1;3910.3;483213.1;100499.3;6467.1;0.0;0.0;0.0;147601847.8;25624362.6;3259166.5;41917.5;4960.7;1604.8;2125.9;806962.4;128374.0
128_O102.cdf;9085275.4;816967.4;58838.6;0.0;5806023.4;909960.0;124499.8;13051.9;5604500.2;1033846.5;155863.1;19370.6;0.0;16961686.4;2857088.9;455795.4;54319.4;1900.4;175833446.4;39726752.5;5915411.1;697363.0;0.0;2325800.5;475339.7;89050.9;13573.3;9197.6;14770.1;4370.1;58083558.3;10812128.8;1859201.9;257067.7;9074.8;0.0;0.0;127921.8;35024.2;9048.1;1238.5;1845.8;81464031.8;20412427.5;3609703.2;570510.4;32878.4;1487.8;149684.0;46720.1;15868.5;2558.8;5291.7;3033.1;2275.6;4130951.6;362276.9;53589.6;2050.7;258497.1;26349.1;2859.9;409368.3;78192.6;15367.1;0.0;0.0;638.0;131969996.3;21904532.0;2986753.5;31737.8;4970.3;745.6;1361.9;501034.1;66415.1
129_O103.cdf;6384336.6;538280.8;42842.0;0.0;7123948.7;1152680.6;162489.9;16420.7;6331425.8;1098440.9;166837.4;20062.5;0.0;22787935.6;3895572.5;590695.9;75755.6;0.0;180026561.7;40775476.1;6160073.1;734194.2;0.0;4223181.7;899244.6;152313.5;16998.7;16642.2;6882.1;4219.0;54807356.8;10239398.8;1804826.4;239963.0;12537.3;0.0;0.0;125771.5;33332.2;6306.9;2465.3;1407.9;89619947.1;22880427.6;4087682.4;589273.0;28405.5;2884.0;211206.6;65058.1;16039.3;4569.8;7160.0;2608.1;4037.9;3089411.1;255359.3;35036.9;1451.9;295918.0;30630.4;1895.3;361945.1;73971.7;10817.4;0.0;0.0;0.0;151257782.3;26193762.5;3348616.3;33348.2;1904.2;530.8;2671.3;429429.7;96029.2
130_O104.cdf;9092796.4;805912.0;58846.0;0.0;4872136.7;810699.8;103793.4;10881.0;6817068.3;1178563.9;166953.3;18987.0;0.0;20887980.1;3503474.1;554204.5;72171.5;655.2;203476166.2;50047292.8;7445444.8;824580.2;0.0;3460134.3;707631.0;122101.4;11207.4;14835.1;10146.5;3385.7;62288553.2;11566044.0;2046017.7;254438.6;13511.3;0.0;0.0;337253.3;105508.8;31478.2;6790.4;537.1;113894524.8;29181003.2;5205865.8;726134.6;27305.4;1293.4;223081.0;61008.9;18204.9;535.4;10638.3;2424.1;8369.9;5756965.3;512647.6;72480.2;3969.2;400285.4;38700.8;4254.0;648511.7;111118.0;21666.4;0.0;0.0;0.0;134982680.4;22948930.0;2839869.8;33074.9;2725.0;2240.5;4788.3;337169.2;99898.3
131_O105.cdf;8321434.1;726642.5;72126.1;0.0;7117036.6;1144150.4;155836.7;18037.9;8133226.8;1430549.9;211935.3;19643.2;0.0;18810860.8;3158171.0;485577.9;60052.8;681.1;231106174.9;58734410.5;8513444.6;1029059.0;3088.1;5813056.5;1183400.1;195230.2;22558.7;12471.3;2545.5;4269.7;89431976.2;17338022.4;2946094.4;376019.0;10393.4;0.0;0.0;204517.0;68793.4;7473.8;3197.5;848.7;67940387.3;17062288.7;2913311.6;434940.0;19002.8;3488.8;276674.4;83554.9;25278.7;3657.5;6582.0;6609.0;4845.8;3920304.0;341240.1;39764.9;5196.2;292400.6;23658.8;1920.0;314801.8;67617.8;5645.0;0.0;0.0;1045.2;158251805.5;27514231.5;3513561.3;36865.7;2975.0;727.0;830.7;634668.0;179988.5
132_O106.cdf;9468312.6;780932.9;74363.3;0.0;4289145.0;739298.8;103939.2;15905.9;12226030.5;2141929.5;288187.7;17882.7;0.0;22281688.2;4026934.1;612002.6;77232.9;3275.6;244524058.0;65334297.9;9506594.6;1105201.2;0.0;3572689.6;738663.3;140979.6;22231.0;25789.3;14508.0;4380.7;124295154.9;24920682.4;5966944.4;918718.9;39509.6;0.0;0.0;392970.1;108704.8;34453.1;5574.4;2772.3;150707475.5;40427506.8;8768222.7;1406788.8;136606.1;1186.3;381799.1;113193.1;40851.5;8449.9;7882.8;2679.9;3446.0;4030070.7;363307.3;51664.3;4437.1;446571.1;40426.5;4136.6;710580.5;138399.3;19260.2;1142.9;0.0;1465.1;161966359.6;29146959.7;3721889.3;70652.7;14206.3;2012.7;1233.5;520586.0;81432.8
133_O107.cdf;16105999.4;1387506.4;147547.2;0.0;3150506.0;565903.1;85169.1;7578.2;9473030.5;1678751.8;240468.3;26752.6;0.0;9271253.9;1651869.0;261842.6;34330.4;1051.4;232446364.6;59411954.1;8676249.1;999809.7;0.0;4008015.5;854434.6;157222.4;24137.7;12327.6;9114.5;7284.6;63772368.4;12106339.2;4053464.2;631625.4;39143.5;0.0;0.0;227323.8;62826.0;19766.1;1684.5;0.0;35249994.8;9369590.9;2276611.3;395576.6;36098.0;1861.4;186416.0;45463.8;29010.6;5955.2;4284.6;1550.0;3881.4;982201.9;85279.5;19481.3;955.3;300246.7;29305.4;1892.3;283760.8;53015.7;9942.1;0.0;0.0;0.0;166362662.8;30059349.5;3936379.0;23652.3;2571.4;2427.8;1748.9;651856.4;154994.9
134_O108.cdf;10373391.1;917546.0;80989.4;0.0;2373510.2;389077.6;68714.8;6738.1;5190336.9;917344.7;148498.1;12406.4;0.0;7891352.4;1492761.9;231225.9;26064.6;744.7;200045578.3;48135283.3;7151578.4;820211.8;0.0;4471801.4;957962.4;181420.4;29282.0;6778.6;12060.3;5720.2;50612804.2;9716780.1;5080060.9;816879.0;46548.3;0.0;0.0;113769.7;27589.5;10545.3;1203.5;706.8;30755691.9;8468979.2;2323139.8;431393.6;52153.7;5406.6;118010.5;38472.8;23977.4;5348.7;1093.8;770.4;2887.9;843501.9;78398.6;14104.2;0.0;268526.3;31077.9;3014.7;222762.2;51842.3;13749.7;0.0;0.0;755.5;175012018.1;31851533.5;4193183.3;25672.1;5563.0;0.0;599.4;643446.2;132652.2
135_O109.cdf;13359951.2;1136614.0;109667.4;0.0;3028404.3;534993.2;77049.1;3852.2;5562951.2;1015435.7;155421.3;9446.1;0.0;11649587.7;2169309.5;324021.1;38400.5;1953.3;187574621.3;44307331.4;6536145.5;765712.1;1982.4;4769392.8;981940.0;196828.0;30527.3;9075.3;16064.2;7388.2;57238848.5;10842336.0;4219450.4;675791.1;55534.0;0.0;0.0;129845.6;35761.6;9946.0;3289.3;1040.1;34545427.4;9468430.8;2549235.1;480472.2;42206.4;3673.2;153710.9;53891.8;25617.9;8638.1;2824.4;2186.0;2973.4;1567375.0;134309.4;26531.5;840.0;315154.0;43754.7;3306.1;233154.3;47665.6;16317.3;0.0;0.0;0.0;153066603.9;26747111.6;3382379.5;24262.2;3729.4;3603.6;615.1;470046.5;107408.2
136_QC_11.cdf;24523389.0;2305385.2;218061.2;0.0;5085804.0;799039.2;101895.2;12013.1;6460035.1;1186919.1;178559.3;6234.8;0.0;23594076.3;4213647.8;615227.0;67789.3;527.3;244759950.4;64609619.2;9377777.3;1072538.7;0.0;5683033.1;1146155.3;198875.6;29827.7;38674.1;8705.2;6236.8;128988941.3;25393860.5;5243846.5;770178.0;36169.5;0.0;0.0;457088.0;121564.9;36512.8;12348.4;2862.5;273771984.7;85712845.4;15630627.7;2246674.8;184828.1;0.0;311415.6;95624.2;31432.4;4846.6;17346.0;4146.4;3921.0;3346524.3;304628.3;43555.0;2119.8;1769037.0;162104.7;24793.9;1008599.5;184538.7;39563.4;0.0;0.0;0.0;163289787.8;29457929.8;3867151.8;71305.9;10414.2;2653.7;2745.0;478323.9;101979.2
137_O110.cdf;10295502.5;904490.0;91368.4;0.0;2306033.5;408715.1;71571.1;5347.5;9940559.3;1678780.9;249532.3;26504.4;0.0;8985383.1;1619593.7;241360.0;29037.4;2508.8;231735627.1;59570904.0;8745173.0;975273.9;0.0;3490903.3;747250.5;149189.8;21988.6;7010.6;10747.8;3043.8;59153102.5;11115346.2;3963409.8;591729.4;30171.5;0.0;0.0;214510.7;76954.7;18262.9;1427.9;897.4;24566514.7;6464304.2;1799004.0;307383.5;36642.1;3160.9;154128.4;49759.4;23245.2;3489.8;3752.1;497.8;0.0;564127.4;59169.6;8556.4;0.0;412536.6;43044.2;3448.6;207579.2;39939.0;4933.8;0.0;0.0;889.9;159640076.6;27780162.4;3660580.7;25976.1;0.0;3759.1;696.0;623256.1;173626.9
138_O111.cdf;8271473.4;715231.4;57320.3;0.0;3064259.6;496913.8;66487.4;5497.7;2985279.6;501966.4;67177.6;3868.2;0.0;20517966.6;3495446.3;520532.1;59178.9;1448.6;204306238.9;50256836.1;7337324.8;841094.3;0.0;10040028.6;1881105.1;336546.6;42150.1;33095.9;11130.4;3562.3;175624520.3;36194185.7;5506147.2;789167.7;7841.2;0.0;0.0;316481.3;96145.8;12511.9;7093.9;3427.5;263501694.9;82474742.1;14318959.7;2101885.4;116228.0;673.6;686288.9;212786.5;52851.0;5704.4;9035.5;4782.9;4085.3;1376835.0;135794.1;20614.2;611.7;968685.1;87825.9;8715.2;633945.6;112477.2;17428.6;0.0;0.0;0.0;149408440.6;26341486.5;3286629.7;145545.0;23492.6;3032.6;6152.3;378227.1;187171.6
139_O112.cdf;11643641.9;974358.9;99850.5;0.0;4713122.1;747390.1;90177.0;5847.9;5446898.9;984798.7;124081.9;10926.5;0.0;22677848.2;3830836.3;553351.2;67626.5;3172.1;218275071.2;54316768.3;7911083.1;933967.1;0.0;14575882.1;2814442.4;474638.3;68221.7;37159.0;10100.3;8726.8;187651419.7;39351975.1;5954383.5;901450.8;4479.7;0.0;0.0;213291.2;36071.8;4153.3;11816.3;3228.0;335379487.4;107909641.5;19116341.7;2662414.7;193646.3;0.0;942470.4;261566.3;55640.9;19745.3;5955.9;1014.5;2291.0;2910661.0;280680.3;45274.6;1215.2;774445.4;72480.2;8696.5;1096796.9;201013.1;37228.6;0.0;0.0;0.0;150943922.7;26626910.2;3402379.1;194991.4;27741.9;4726.9;3899.7;546701.8;162710.8
140_O113.cdf;10722808.5;908962.9;90536.1;0.0;3402725.5;518566.7;72630.5;6224.0;4015520.1;722359.8;115409.7;6770.2;0.0;20223364.6;3448947.0;507450.0;64048.7;1432.0;228570113.0;57718842.9;8558754.1;953608.8;0.0;7554338.7;1508387.6;257558.2;34855.5;18895.0;6755.4;3640.7;164613488.6;32737055.6;5486409.6;719177.7;11030.9;0.0;0.0;220516.0;71940.4;10867.4;8020.6;604.7;264472915.3;82322466.0;14407413.1;2040398.5;117468.4;857.6;462141.5;153724.3;37983.5;3754.9;3918.9;873.9;3466.4;1469795.2;139929.1;22924.0;0.0;709237.2;68221.4;7401.5;565159.2;107752.8;17785.5;0.0;0.0;0.0;67005291.6;10029382.3;1373302.8;134234.5;17171.1;1954.2;4003.5;640573.4;81984.5
141_O114.cdf;13990159.8;1232299.2;120958.5;0.0;3735860.6;585158.0;78459.4;8314.7;3817650.0;710142.4;78865.7;3127.3;0.0;25591857.8;4447937.8;615431.1;77503.9;607.2;200838975.9;48662407.5;7191872.8;837245.8;0.0;10720064.5;2045362.7;360356.6;48862.2;32433.4;10374.4;835.2;179555100.4;37200863.4;5763498.0;866761.1;3801.3;0.0;0.0;220550.4;64071.0;11828.9;3780.5;5452.4;308725428.0;97906751.4;17180651.4;2454033.1;162807.6;768.0;715753.2;215832.2;50367.8;10029.9;9023.5;7080.8;2945.8;1594069.0;153776.6;24932.6;2224.8;1206941.9;112631.0;18479.2;934588.8;180031.9;35198.0;0.0;0.0;0.0;158424196.1;27692326.8;3460275.8;161184.3;21880.5;3283.6;2260.5;383146.6;173261.6
142_O115.cdf;12708341.4;1052970.8;106135.5;0.0;3079220.5;494694.7;67169.9;5033.9;2672889.6;475152.8;57720.6;2863.9;0.0;18589162.7;3076966.9;488357.2;59185.5;3463.6;182452099.1;42479538.4;6315641.6;728322.5;0.0;9573332.9;1799650.0;304089.0;41330.4;39667.2;13856.2;3475.0;165018688.0;32965211.8;5192067.4;764023.5;4471.6;0.0;0.0;241341.8;59196.8;8601.0;6631.5;2451.4;268015241.6;83858760.6;14679577.3;2062989.6;111045.2;1933.7;505439.5;155099.9;43957.8;5228.7;4993.8;3490.9;3558.5;1022978.2;107512.1;14441.3;411.3;1002823.3;96052.2;12293.1;534731.3;94750.4;21572.7;0.0;0.0;0.0;129342954.2;21519491.4;2892483.4;113831.5;17274.2;619.8;11273.1;337891.2;110371.7
143_O116.cdf;13611339.8;1164722.6;111857.4;0.0;1832432.9;313506.8;44205.2;2976.5;1974883.4;346178.8;39148.2;913.5;0.0;5138517.0;949477.0;136107.6;19567.4;1787.9;172878596.9;39821473.3;5968094.9;677181.5;5953.4;9158744.2;1756785.1;324918.9;51183.6;40024.9;17052.4;6813.5;159920102.8;31688569.8;6862211.7;973756.3;18444.5;0.0;0.0;181913.0;55321.5;10047.0;6488.7;2431.4;198465708.6;56182762.1;10502004.3;1520534.2;79760.9;1402.3;495577.3;151614.7;47365.0;9023.8;7140.2;1137.5;5051.5;798205.7;79820.2;12668.0;0.0;1026262.1;91186.2;11590.4;382521.6;80194.5;14101.0;0.0;0.0;0.0;185023745.8;34420884.7;4569015.2;119542.4;21939.9;1568.1;5391.4;349257.8;107914.4
144_O117.cdf;8235860.1;695438.7;49551.9;0.0;1889480.6;329054.4;57390.2;4958.1;2084938.3;358243.4;42145.8;1732.8;0.0;8027614.4;1455086.9;213456.1;22052.4;0.0;180449100.3;42533816.9;6461592.1;724171.9;0.0;10385633.6;1971036.2;397119.6;56590.6;37623.7;19546.5;10791.8;172932290.2;35532014.2;7003189.2;959792.1;22003.4;0.0;0.0;208630.9;59353.6;15233.4;9970.5;1017.5;240173475.2;72350002.6;13292249.6;1916622.1;81692.7;1768.1;610222.4;174882.8;54966.9;10816.9;3186.3;1442.2;3589.8;946774.0;108519.4;16677.2;1938.6;755249.2;73278.9;6739.8;614473.3;120671.3;30418.7;3347.0;0.0;0.0;148098741.3;25793278.1;3260371.7;119990.2;19680.1;7053.2;3293.0;273569.0;125972.6
145_O118.cdf;17232828.3;1540137.3;145202.7;0.0;2162463.5;376331.1;57844.8;4372.3;2857853.9;535031.2;74679.5;1400.6;0.0;8594293.1;1675553.7;259421.2;30707.8;2402.8;214172969.0;55346559.6;8104410.5;935862.3;0.0;8621545.2;1671456.2;309896.7;40076.2;43437.1;13121.0;7087.1;163344699.8;32819116.3;6525718.5;1055213.4;27292.0;0.0;0.0;359858.2;107791.3;19144.9;4349.4;0.0;254141393.8;77787967.1;15016518.0;2269655.2;168391.3;1022.2;469752.2;130534.4;38426.8;9551.1;6565.6;2109.0;3908.5;892898.6;81131.5;14608.5;480.1;1141381.8;108839.7;10579.8;531785.2;102318.8;32010.3;0.0;0.0;0.0;140485264.5;24187690.8;3028084.1;110018.6;21230.7;1308.7;2435.0;437831.1;231601.1
146_QC_12.cdf;24935653.5;2342051.7;224023.7;626.0;5161825.0;821592.2;103575.0;10522.7;6498455.9;1178273.9;177007.5;10144.0;0.0;23791475.8;4289988.1;633082.0;79640.2;677.1;244101823.2;65172663.9;9481282.5;1114946.0;0.0;5825664.7;1177248.2;199960.2;30883.3;42281.9;9417.4;10604.1;129775803.8;25266585.5;5344099.1;784468.4;31325.4;0.0;0.0;513880.0;132779.7;35943.5;10480.0;3230.1;272191633.6;86313653.7;15516088.7;2269471.8;122109.6;640.1;308653.2;92602.7;33469.9;5684.4;15592.0;7957.1;3953.9;3316473.9;301352.9;38801.1;1058.4;1941890.3;175951.8;26214.6;1006550.0;201890.4;27433.7;0.0;0.0;0.0;162487935.0;29174724.2;3865474.1;79347.0;11352.6;1285.3;1929.7;502963.9;114146.9
147_O119.cdf;7191552.0;611989.2;44749.6;0.0;2057320.6;362514.1;54899.6;1788.9;3883751.1;683097.6;102980.4;4625.3;0.0;9644998.5;1845328.0;272389.5;39079.7;1301.4;238610101.8;62614380.9;9143426.1;1072507.4;0.0;10256638.2;1935840.7;375625.5;60205.0;31611.5;14729.4;7210.2;170457483.3;35037802.5;6774643.6;1127143.5;42350.7;0.0;0.0;290047.6;80641.3;10618.2;561.5;3980.5;263324591.1;82174377.2;15767287.9;2395071.0;199741.3;1361.3;525717.3;158310.4;51201.6;9207.1;3705.4;2956.2;1765.2;982485.1;94896.8;18009.8;0.0;859212.3;81211.8;9311.6;634075.1;125049.1;41065.9;0.0;0.0;923.4;164899049.4;29402954.6;3744694.8;121002.1;14841.1;1546.8;5800.9;527741.6;225523.6
148_O120.cdf;10347476.9;834237.0;62663.7;0.0;2130428.1;385259.4;54735.5;8680.6;1694284.1;310650.5;31456.7;855.4;0.0;7901009.0;1471586.1;216942.4;27263.0;1389.4;157755841.4;35333118.6;5297852.4;641207.0;4968.7;11636534.7;2169271.0;418847.1;56663.8;46238.2;16924.5;8989.1;151565074.7;29861803.2;7209291.3;1188945.8;39100.5;0.0;0.0;301764.0;78513.8;14530.1;8801.4;723.4;265053035.0;83140582.7;15189420.6;2274023.5;148085.2;1540.5;355323.5;99381.9;40110.9;10804.6;8745.0;5386.6;3315.3;1031339.2;112045.4;20490.3;902.1;1400662.3;120845.7;19958.3;834462.5;142895.9;45743.6;1907.5;724.0;0.0;182260449.7;33354216.8;4275517.8;86579.7;10700.8;3464.6;3364.2;219700.1;95620.5
