metabolite;Time;Labeling;Treatment;N;mean;sd;se
1;Aconitate;15;L;C;5;0.0226055684833774;0.0133878849587448;0.00598724416854005
2;Aconitate;15;L;Fe;4;0.0315884825635161;0.00851123577854846;0.00425561788927423
3;Aconitate;15;L;P;5;0.0134342804752997;0.00826078033590842;0.00369433327565695
4;Aconitate;15;U;C;5;0.0179897933612865;0.00967172762856814;0.00432532808746824
5;Aconitate;15;U;Fe;5;0.0169850050008;0.0111618547006478;0.00499173317312479
6;Aconitate;15;U;P;4;0.01576572909623;0.0125985467181439;0.00629927335907193
7;Aconitate;30;L;C;4;0.0230291333761386;0.0134862764904814;0.00674313824524071
8;Aconitate;30;L;Fe;5;0.0371437408412626;0.013410717609031;0.00599745524016934
9;Aconitate;30;L;P;5;0.0158024527570919;0.00613123342272902;0.00274197094382816
10;Aconitate;30;U;C;5;0.0107640369030194;0.0110374452737666;0.00493609558601516
11;Aconitate;30;U;Fe;5;0.025001222589408;0.0126435599107136;0.00565437188758934
12;Aconitate;30;U;P;5;0.00811565200882878;0.00201177150311505;0.000899691567232438
13;Aconitate;60;L;C;5;0.0402355655206962;0.0338597041210744;0.0151425200225504
14;Aconitate;60;L;Fe;5;0.0630132518446464;0.0182961118212924;0.00818226995126945
15;Aconitate;60;L;P;5;0.0226428721497;0.01727853299186;0.00772719486425436
16;Aconitate;60;U;C;5;0.0164628360309529;0.00453443782122495;0.002027862241601
17;Aconitate;60;U;Fe;5;0.0187840853765838;0.00177977476760393;0.000795939473000255
18;Aconitate;60;U;P;5;0.0106887332837991;0.00473037730859261;0.00211548904424711
19;Aconitate;120;L;C;5;0.0663402862481241;0.0202827995069429;0.0090707436943047
20;Aconitate;120;L;Fe;5;0.0360866507493554;0.0095623173312368;0.00427639831501397
21;Aconitate;120;L;P;5;0.0210349199933447;0.0104699385600875;0.00468229886812038
22;Aconitate;120;U;C;5;0.031243907598375;0.0150644206084995;0.00673701370445072
23;Aconitate;120;U;Fe;5;0.0397669517580142;0.0167507505701734;0.00749116338981021
24;Aconitate;120;U;P;5;0.012629017825694;0.00415608428165271;0.00185865739479877
25;Citrate;15;L;C;5;0.00687337118566845;0.00367768573872852;0.0016447110623357
26;Citrate;15;L;Fe;4;0.00828874895326872;0.00721481192132147;0.00360740596066074
27;Citrate;15;L;P;5;0.000122470236249183;0.000273044639563273;0.000122109274991082
28;Citrate;15;U;C;5;3.4073839420806e-07;1.28857044378234e-08;5.76266221218878e-09
29;Citrate;15;U;Fe;5;3.59767253283426e-07;1.78239479856542e-08;7.97111186466867e-09
30;Citrate;15;U;P;4;0.000886959337144729;0.00177324634912931;0.000886623174564657
31;Citrate;30;L;C;4;0.0129655501617254;0.0108856369932025;0.00544281849660123
32;Citrate;30;L;Fe;5;0.00542745227466839;0.00451300951856381;0.00201827921332245
33;Citrate;30;L;P;5;3.61060208798537e-07;2.57206654993221e-08;1.15026312966036e-08
34;Citrate;30;U;C;5;3.64081712304348e-07;2.3223831804079e-08;1.03860133223885e-08
35;Citrate;30;U;Fe;5;3.62861270197503e-07;2.1271917714138e-08;9.51309080411891e-09
36;Citrate;30;U;P;5;3.4996477372231e-07;1.53986619763019e-08;6.88649098831048e-09
37;Citrate;60;L;C;5;0.014386838835835;0.012172407579596;0.00544366615956205
38;Citrate;60;L;Fe;5;0.0072538584738596;0.00464883123867535;0.00207902053312053
39;Citrate;60;L;P;5;0.000688039772911167;0.000934116391648579;0.000417749550124608
40;Citrate;60;U;C;5;3.50031464422462e-07;1.63900338206887e-08;7.32984595531609e-09
41;Citrate;60;U;Fe;5;3.6072463338018e-07;2.27843152146112e-08;1.01894555281307e-08
42;Citrate;60;U;P;5;3.61140564278321e-07;2.61143201607416e-08;1.16786790131223e-08
43;Citrate;120;L;C;5;0.019190112878606;0.00233119769666014;0.0010425433037446
44;Citrate;120;L;Fe;5;0.00906979662523054;0.00588909901803362;0.00263368514611009
45;Citrate;120;L;P;5;0.000641705758852723;0.000897717084608312;0.000401471285149423
46;Citrate;120;U;C;5;3.58938126671279e-07;2.53257866286487e-08;1.13260360970628e-08
47;Citrate;120;U;Fe;5;3.6318158308671e-07;1.06468085148973e-08;4.7613975165468e-09
48;Citrate;120;U;P;5;3.68143644707095e-07;2.31223659075225e-08;1.03406363939688e-08
49;Fumarate;15;L;C;5;1.62782648919477e-06;2.846763929367e-06;1.2731115323918e-06
50;Fumarate;15;L;Fe;4;3.47515397042598e-07;2.18911763390779e-08;1.09455881695389e-08
51;Fumarate;15;L;P;5;3.45515858801753e-07;2.53196128701193e-08;1.13232751083131e-08
52;Fumarate;15;U;C;5;3.42221474685766e-07;1.50258479503897e-08;6.71976348732946e-09
53;Fumarate;15;U;Fe;5;3.45722182015262e-07;2.45720664073334e-08;1.09889621668873e-08
54;Fumarate;15;U;P;4;3.53126203520971e-07;2.62553165715805e-08;1.31276582857903e-08
55;Fumarate;30;L;C;4;3.60083692500467e-07;1.3420167160974e-08;6.71008358048701e-09
56;Fumarate;30;L;Fe;5;3.51408986730661e-07;9.71496692352726e-09;4.34466528803379e-09
57;Fumarate;30;L;P;5;3.65701454290181e-07;2.14725707738663e-08;9.60282558040806e-09
58;Fumarate;30;U;C;5;3.41163818889825e-07;1.9948363110606e-08;8.92117919103284e-09
59;Fumarate;30;U;Fe;5;3.53320700665308e-07;2.00413584926289e-08;8.96276799019221e-09
60;Fumarate;30;U;P;5;3.58892335465482e-07;2.31280648993177e-08;1.03431850605802e-08
61;Fumarate;60;L;C;5;6.26380300910777e-05;0.000139313184438793;6.23027501134214e-05
62;Fumarate;60;L;Fe;5;3.58811159276145e-07;2.03873226792714e-08;9.11748787801479e-09
63;Fumarate;60;L;P;5;3.63059827723858e-07;2.49642014922105e-08;1.11643303081169e-08
64;Fumarate;60;U;C;5;1.10116345033478e-05;2.38147371830439e-05;1.06502742415156e-05
65;Fumarate;60;U;Fe;5;3.57853395804245e-07;1.91451970332589e-08;8.56199240179883e-09
66;Fumarate;60;U;P;5;3.56214433586148e-07;2.03530723609086e-08;9.10217066999277e-09
67;Fumarate;120;L;C;5;6.85269652006815e-05;0.0001524556975495;6.8180260655566e-05
68;Fumarate;120;L;Fe;5;3.59498327210312e-07;1.4478298867627e-08;6.47489209331442e-09
69;Fumarate;120;L;P;5;3.6328578738593e-07;1.59477418897409e-08;7.13204699061633e-09
70;Fumarate;120;U;C;5;3.57331210939824e-07;2.30480277192678e-08;1.03073913455165e-08
71;Fumarate;120;U;Fe;5;3.55293210318178e-07;2.36511377875613e-08;1.05771103676402e-08
72;Fumarate;120;U;P;5;3.49017283531681e-07;2.22706058592348e-08;9.95971772027084e-09
73;Glycerate;15;L;C;5;3.37689573110589e-06;6.70800044208179e-06;2.9999089963187e-06
74;Glycerate;15;L;Fe;4;0.000252716046303777;0.000311818471744194;0.000155909235872097
75;Glycerate;15;L;P;5;0.00016970152035225;0.000378632693185134;0.000169329688093156
76;Glycerate;15;U;C;5;3.59511460329095e-07;2.09987654534396e-08;9.39093339949303e-09
77;Glycerate;15;U;Fe;5;3.54939336328318e-07;8.72021688434511e-09;3.89979954638742e-09
78;Glycerate;15;U;P;4;3.67141258116867e-07;2.66445412719677e-08;1.33222706359838e-08
79;Glycerate;30;L;C;4;3.80237819596335e-07;7.55028438580688e-09;3.77514219290344e-09
80;Glycerate;30;L;Fe;5;8.57726275821419e-05;0.000190980519017427;8.54090845802315e-05
81;Glycerate;30;L;P;5;0.000748180184510425;0.00135757482099024;0.000607125916855258
82;Glycerate;30;U;C;5;3.56724924073588e-07;2.53589041666104e-08;1.13408467102887e-08
83;Glycerate;30;U;Fe;5;3.70180339265197e-07;2.30900688416422e-08;1.03261927070123e-08
84;Glycerate;30;U;P;5;0.000294839478845342;0.000658502198176347;0.00029449113569107
85;Glycerate;60;L;C;5;3.56610716405801e-07;1.75732387956362e-08;7.85899130637584e-09
86;Glycerate;60;L;Fe;5;3.47455712938364e-07;2.19391343770382e-08;9.811479166912e-09
87;Glycerate;60;L;P;5;0.00010793703916615;0.00024054133435832;0.000107573355004742
88;Glycerate;60;U;C;5;4.1007602870087e-05;9.08842041868482e-05;4.06446517285527e-05
89;Glycerate;60;U;Fe;5;3.66631141227056e-07;1.46870150809944e-08;6.56823282153363e-09
90;Glycerate;60;U;P;5;0.00124366043293677;0.00202236840052418;0.000904430643823916
91;Glycerate;120;L;C;5;3.55656082175289e-07;1.99260631766393e-08;8.91120635738418e-09
92;Glycerate;120;L;Fe;5;0.000540203360517999;0.000937097646901042;0.000419082808005165
93;Glycerate;120;L;P;5;0.00113825036835084;0.00111536792368697;0.000498807699457372
94;Glycerate;120;U;C;5;3.60501108223615e-07;2.34668357883115e-08;1.04946880078979e-08
95;Glycerate;120;U;Fe;5;3.43626337863889e-07;1.64030120241996e-08;7.33564998437133e-09
96;Glycerate;120;U;P;5;3.71067496170964e-07;2.51640517142282e-08;1.12537060444669e-08
97;Glycolate;15;L;C;5;0.00156819769191621;0.00233274161651675;0.00104323376569484
98;Glycolate;15;L;Fe;4;0.000456595720283213;0.000912481689972184;0.000456240844986092
99;Glycolate;15;L;P;5;0.000904324222525384;0.00142146146765505;0.000635696893814664
100;Glycolate;15;U;C;5;0.0001773416871808;0.00039573740884578;0.000176979149483758
101;Glycolate;15;U;Fe;5;3.50502821967635e-07;1.95268904366921e-08;8.73269088112682e-09
102;Glycolate;15;U;P;4;3.75617866397523e-07;1.98316574920872e-08;9.91582874604362e-09
103;Glycolate;30;L;C;4;0.0019224234414017;0.00222052321759245;0.00111026160879622
104;Glycolate;30;L;Fe;5;3.54383588324599e-07;1.97676294700158e-08;8.84035264979671e-09
105;Glycolate;30;L;P;5;0.00134812976456156;0.00130038546246068;0.000581550058202917
106;Glycolate;30;U;C;5;0.00297613259850307;0.00436302897230245;0.00195120587397387
107;Glycolate;30;U;Fe;5;3.62849120151606e-07;3.03666858080258e-08;1.35803947436248e-08
108;Glycolate;30;U;P;5;0.00125423737295365;0.00255783547019159;0.00114389879732171
109;Glycolate;60;L;C;5;0.000682185706718633;0.000574228030530543;0.000256802582170424
110;Glycolate;60;L;Fe;5;0.00184421071728049;0.0041230135045645;0.00184386769367117
111;Glycolate;60;L;P;5;0.0014404845656431;0.0017609439597005;0.000787518079691596
112;Glycolate;60;U;C;5;0.000699764524705113;0.00156393888044421;0.000699414729865633
113;Glycolate;60;U;Fe;5;3.61416200818264e-07;1.70909150197994e-08;7.64328955638872e-09
114;Glycolate;60;U;P;5;0.000474773454551445;0.000747461493620311;0.000334274942059708
115;Glycolate;120;L;C;5;0.00138568934215152;0.0013296890616945;0.000594655026177362
116;Glycolate;120;L;Fe;5;3.50040244487189e-07;2.39936910001646e-08;1.07303048214986e-08
117;Glycolate;120;L;P;5;0.00026122540323606;0.000583323393139574;0.000260870151985184
118;Glycolate;120;U;C;5;0.000800572031795421;0.000746052162067675;0.000333644669828802
119;Glycolate;120;U;Fe;5;3.61128881351678e-07;2.71808380716933e-08;1.21556403227441e-08
120;Glycolate;120;U;P;5;0.000498168497886884;0.00111315109310179;0.00049781630268076
121;Hydroxyglutarate;15;L;C;5;7.20044217600187e-05;0.000160232409886362;7.16581121409028e-05
122;Hydroxyglutarate;15;L;Fe;4;0.00509180027163687;0.00486922910618015;0.00243461455309008
123;Hydroxyglutarate;15;L;P;5;0.00357802417352472;0.00189725303287881;0.000848477350406931
124;Hydroxyglutarate;15;U;C;5;0.000245389869317136;0.00049473778467771;0.000221253463515403
125;Hydroxyglutarate;15;U;Fe;5;0.000438747965443013;0.000731565061510904;0.000327165841500439
126;Hydroxyglutarate;15;U;P;4;0.00148605247949578;0.00180317200341834;0.000901586001709169
127;Hydroxyglutarate;30;L;C;4;3.67502616819944e-07;8.79813547783853e-09;4.39906773891926e-09
128;Hydroxyglutarate;30;L;Fe;5;0.00824298343078989;0.00214123714462523;0.000957590362265911
129;Hydroxyglutarate;30;L;P;5;0.00202100387278595;0.00214293684538759;0.000958350491555123
130;Hydroxyglutarate;30;U;C;5;3.6697975282709e-07;9.41040432579265e-09;4.20846075364609e-09
131;Hydroxyglutarate;30;U;Fe;5;0.000152239980066347;0.000339651396915956;0.000151896722431368
132;Hydroxyglutarate;30;U;P;5;0.00111629678139256;0.00148431279601552;0.000663804862352696
133;Hydroxyglutarate;60;L;C;5;0.00150911197394602;0.0025795045338184;0.00115358949717737
134;Hydroxyglutarate;60;L;Fe;5;0.00756823598313561;0.00283396352610932;0.00126738701802709
135;Hydroxyglutarate;60;L;P;5;0.00526361235093289;0.00247173303145294;0.00110539261611208
136;Hydroxyglutarate;60;U;C;5;3.38314120080734e-05;7.48711296185898e-05;3.34833870758729e-05
137;Hydroxyglutarate;60;U;Fe;5;0.0012512919197634;0.0027972077117875;0.0012509493181487
138;Hydroxyglutarate;60;U;P;5;7.1886067881675e-05;0.000159955851290996;7.15344313771028e-05
139;Hydroxyglutarate;120;L;C;5;0.00296796328765236;0.00200503012298933;0.000896676730387783
140;Hydroxyglutarate;120;L;Fe;5;0.00488191454279706;0.00668768631639152;0.00299082424312932
141;Hydroxyglutarate;120;L;P;5;0.00630144681503618;0.00401768938741035;0.00179676531654581
142;Hydroxyglutarate;120;U;C;5;0.000341584491054877;0.000763024247596476;0.00034123481722127
143;Hydroxyglutarate;120;U;Fe;5;7.59042001427969e-05;0.00016893132472454;7.55483851226325e-05
144;Hydroxyglutarate;120;U;P;5;0.000365605089257142;0.000604726207152392;0.000270441781393673
145;Isocitrate;15;L;C;5;0.0136185697440155;0.00899802186209388;0.00402403770933423
146;Isocitrate;15;L;Fe;4;0.00755580585739429;0.00407890051989476;0.00203945025994738
147;Isocitrate;15;L;P;5;0.00247413682228416;0.000747027887031966;0.000334081027298302
148;Isocitrate;15;U;C;5;0.00446629362819424;0.00340435465239823;0.00152247368445602
149;Isocitrate;15;U;Fe;5;0.00232721855202541;0.00126071650732502;0.000563809562146973
150;Isocitrate;15;U;P;4;0.00231662465076604;0.000725522105753854;0.000362761052876927
151;Isocitrate;30;L;C;4;0.00739955482391539;0.00494649293722001;0.00247324646861
152;Isocitrate;30;L;Fe;5;0.00476318192332372;0.00141743206298787;0.00063389488926573
153;Isocitrate;30;L;P;5;0.00212049795642721;0.00105900512010153;0.000473601487413471
154;Isocitrate;30;U;C;5;0.00415546519225231;0.00244214258603896;0.00109215936662605
155;Isocitrate;30;U;Fe;5;0.00324707156885781;0.00101785958257566;0.000455200643637747
156;Isocitrate;30;U;P;5;0.00171329948303922;0.00107406811923143;0.000480337865413367
157;Isocitrate;60;L;C;5;0.0134430734800958;0.00255918824552144;0.00114450377684087
158;Isocitrate;60;L;Fe;5;0.00274472908140964;0.00190415792269819;0.000851565311009587
159;Isocitrate;60;L;P;5;0.00400655542425646;0.00240482769696677;0.00107547164091839
160;Isocitrate;60;U;C;5;0.00908941273740624;0.00935716128819785;0.00418464974336798
161;Isocitrate;60;U;Fe;5;0.00468329321198021;0.00659180786574296;0.00294794609648381
162;Isocitrate;60;U;P;5;0.00189200607087952;0.00059338831669948;0.000265371322638842
163;Isocitrate;120;L;C;5;0.0141099693154519;0.00318192317413596;0.00142299930330998
164;Isocitrate;120;L;Fe;5;0.00430782112484525;0.00143152189150019;0.0006401960521347
165;Isocitrate;120;L;P;5;0.00349015769594652;0.000451155917762977;0.000201763060113864
166;Isocitrate;120;U;C;5;0.00818784867403943;0.00500662124937514;0.00223902909023955
167;Isocitrate;120;U;Fe;5;0.0033552169872475;0.00210840268454764;0.000942906345318314
168;Isocitrate;120;U;P;5;0.0020792345413619;0.000477401131598988;0.000213500276558132
169;Itaconate;15;L;C;5;0.784927451251555;0.0134701606124551;0.00602403895945795
170;Itaconate;15;L;Fe;4;0.77105219743027;0.00831949015576967;0.00415974507788483
171;Itaconate;15;L;P;5;0.685351962065164;0.0241602873619719;0.0108048089794596
172;Itaconate;15;U;C;5;0.783661723179888;0.00720876590453291;0.00322385811928367
173;Itaconate;15;U;Fe;5;0.76537995612041;0.00908346631041159;0.0040622496282819
174;Itaconate;15;U;P;4;0.716413430129086;0.0384827604561391;0.0192413802280696
175;Itaconate;30;L;C;4;0.771093313775217;0.0168204493131211;0.00841022465656057
176;Itaconate;30;L;Fe;5;0.768907978474416;0.00604174559152091;0.00270195076908009
177;Itaconate;30;L;P;5;0.694530797467715;0.0386627981865277;0.0172905289890863
178;Itaconate;30;U;C;5;0.782856525917286;0.00347520103111881;0.0015541571482118
179;Itaconate;30;U;Fe;5;0.771266729651415;0.00495722889242157;0.00221694015669612
180;Itaconate;30;U;P;5;0.673446944898628;0.0286400925657367;0.0128082387717747
181;Itaconate;60;L;C;5;0.773646933884435;0.00957748960267708;0.00428318356107668
182;Itaconate;60;L;Fe;5;0.76115830508651;0.00678098914842822;0.00303255053811478
183;Itaconate;60;L;P;5;0.638150271072218;0.056735823842098;0.0253730317740769
184;Itaconate;60;U;C;5;0.769281912132571;0.0111774560190773;0.00499871029483418
185;Itaconate;60;U;Fe;5;0.744820722400763;0.0442117747937487;0.0197721067689468
186;Itaconate;60;U;P;5;0.676388709708506;0.0106347304929315;0.00475599606091692
187;Itaconate;120;L;C;5;0.783479063812739;0.0113170345982716;0.00506113173309044
188;Itaconate;120;L;Fe;5;0.766922908623294;0.0360558193883232;0.0161246526273491
189;Itaconate;120;L;P;5;0.667838110311221;0.0442068841843241;0.0197699196219218
190;Itaconate;120;U;C;5;0.779136275606192;0.0123397177989686;0.00551848956433158
191;Itaconate;120;U;Fe;5;0.761977366382434;0.0112337478322174;0.0050238847589858
192;Itaconate;120;U;P;5;0.644585508360461;0.0149074233208405;0.00666680238295299
193;Lactate;15;L;C;5;3.60558000434108e-07;2.69362389294186e-08;1.20462522608712e-08
194;Lactate;15;L;Fe;4;3.4305392286291e-07;4.70843790617564e-09;2.35421895308782e-09
195;Lactate;15;L;P;5;3.46713092839175e-07;1.80661388227396e-08;8.07942289971875e-09
196;Lactate;15;U;C;5;3.66954490753912e-07;2.54662550060967e-08;1.13888554651953e-08
197;Lactate;15;U;Fe;5;3.62781578587903e-07;1.01709328718373e-08;4.54857945920305e-09
198;Lactate;15;U;P;4;3.55340360615589e-07;2.83498911237022e-08;1.41749455618511e-08
199;Lactate;30;L;C;4;3.62284860765361e-07;2.8239173901808e-09;1.4119586950904e-09
200;Lactate;30;L;Fe;5;3.48494808780484e-07;1.82531620661555e-08;8.16306223684882e-09
201;Lactate;30;L;P;5;3.64245053978268e-07;1.386564892706e-08;6.20090671061062e-09
202;Lactate;30;U;C;5;3.43427980886399e-07;2.86932814873503e-08;1.28320255806503e-08
203;Lactate;30;U;Fe;5;3.68796240967622e-07;2.83502506916451e-08;1.26786175451358e-08
204;Lactate;30;U;P;5;3.6478812336813e-07;2.20779200104747e-08;9.87354598904485e-09
205;Lactate;60;L;C;5;3.59273752856239e-07;1.95028597362347e-08;8.7219440251729e-09
206;Lactate;60;L;Fe;5;3.58784359076355e-07;2.73835481970917e-08;1.22462950467678e-08
207;Lactate;60;L;P;5;3.65909679995826e-07;2.47706700114772e-08;1.10777803987757e-08
208;Lactate;60;U;C;5;3.55425045493823e-07;2.2738120530545e-08;1.01687966373764e-08
209;Lactate;60;U;Fe;5;3.55118702752095e-07;2.19051727413531e-08;9.79629106170819e-09
210;Lactate;60;U;P;5;0.0667098625113976;0.149166972147716;0.0667094979440223
211;Lactate;120;L;C;5;3.58829908298561e-07;1.99440004544359e-08;8.91922815188106e-09
212;Lactate;120;L;Fe;5;3.59614599853292e-07;2.746710001653e-08;1.22836605563493e-08
213;Lactate;120;L;P;5;3.65118654565012e-07;2.39357034332168e-08;1.07043719931896e-08
214;Lactate;120;U;C;5;0.000358696675837231;0.000801288007013354;0.000358346890647437
215;Lactate;120;U;Fe;5;3.50404789517058e-07;2.27844538758096e-08;1.01895175393038e-08
216;Lactate;120;U;P;5;3.51474715246563e-07;2.51953771753901e-08;1.12677152165838e-08
217;Malate;15;L;C;5;0.0154833920633934;0.000964069443748481;0.000431144962250403
218;Malate;15;L;Fe;4;0.00778832957948938;0.00379985538080275;0.00189992769040138
219;Malate;15;L;P;5;0.0067079297647826;0.00154410363179133;0.000690544136997942
220;Malate;15;U;C;5;0.0146538047677454;0.00132660432040032;0.000593275487932008
221;Malate;15;U;Fe;5;0.00883983677062912;0.00122555184446567;0.000548083446835099
222;Malate;15;U;P;4;0.00790233679969798;0.00205408413006352;0.00102704206503176
223;Malate;30;L;C;4;0.0143243300766108;0.00172119791937701;0.000860598959688505
224;Malate;30;L;Fe;5;0.00809312901235381;0.00458280123200533;0.00204949101642674
225;Malate;30;L;P;5;0.00983353820437641;0.00364457736093157;0.00162990454565996
226;Malate;30;U;C;5;0.015418325819346;0.00112819714079652;0.000504545099768383
227;Malate;30;U;Fe;5;0.00997728438280322;0.00262152108400123;0.00117237986965514
228;Malate;30;U;P;5;0.00913281437577368;0.00370427527573431;0.00165660226478274
229;Malate;60;L;C;5;0.0159953962997053;0.00268204923204755;0.00119944888037188
230;Malate;60;L;Fe;5;0.0102328225384578;0.00370425695030743;0.00165659406940269
231;Malate;60;L;P;5;0.00910918728477847;0.00204993077932377;0.000916756914347416
232;Malate;60;U;C;5;0.0135042301554115;0.00377331726624486;0.00168747878159943
233;Malate;60;U;Fe;5;0.0126579359679067;0.00227330786326364;0.00101665418320846
234;Malate;60;U;P;5;0.0112508861602251;0.00148169845630426;0.000662635694090564
235;Malate;120;L;C;5;0.0162922553916119;0.00116141929083238;0.000519402496936162
236;Malate;120;L;Fe;5;0.0120579959843407;0.0028459308416021;0.0012727389642171
237;Malate;120;L;P;5;0.00997749960074063;0.00390152802342392;0.00174481637529925
238;Malate;120;U;C;5;0.0162865272306928;0.0011816367416111;0.000528444015790756
239;Malate;120;U;Fe;5;0.00965216511637007;0.00309398199387359;0.00138367081189234
240;Malate;120;U;P;5;0.0105327858398329;0.00171377109643615;0.000766421733901116
241;Oxalate;15;L;C;5;3.49426947715976e-07;2.33357916264744e-08;1.04360832771134e-08
242;Oxalate;15;L;Fe;4;3.52965606567593e-07;1.09403167240335e-08;5.47015836201677e-09
243;Oxalate;15;L;P;5;0.00112370405611367;0.00202255307364648;0.000904513232154932
244;Oxalate;15;U;C;5;3.51605948958529e-07;2.60326002670172e-08;1.16421327656259e-08
245;Oxalate;15;U;Fe;5;3.53525655821153e-07;2.02348668657756e-08;9.04930756550649e-09
246;Oxalate;15;U;P;4;4.84718948480947e-06;8.97143357458779e-06;4.4857167872939e-06
247;Oxalate;30;L;C;4;3.72473607678717e-07;2.20917385416479e-08;1.10458692708239e-08
248;Oxalate;30;L;Fe;5;3.54378510696605e-07;2.26943132994889e-08;1.0149205448067e-08
249;Oxalate;30;L;P;5;0.000380830185088824;0.000850741245831074;0.000380463051388228
250;Oxalate;30;U;C;5;3.64108697791428e-07;2.97866190008142e-08;1.33209809811415e-08
251;Oxalate;30;U;Fe;5;3.49734244933013e-07;1.98652582741476e-08;8.88401357831682e-09
252;Oxalate;30;U;P;5;7.28679955710081e-05;0.000162157545799723;7.25190590945432e-05
253;Oxalate;60;L;C;5;0.000431090801422153;0.000592797530804794;0.000265107115154709
254;Oxalate;60;L;Fe;5;0.000555491520499636;0.000507204608242874;0.000226828796506443
255;Oxalate;60;L;P;5;0.00421925922395234;0.00443678227478416;0.00198418935355671
256;Oxalate;60;U;C;5;3.58106115611542e-07;2.22312921818428e-08;9.94213610925202e-09
257;Oxalate;60;U;Fe;5;3.57959520989972e-07;2.5117108986642e-08;1.12327126184805e-08
258;Oxalate;60;U;P;5;3.63276147042635e-07;2.51424873684082e-08;1.12440621758381e-08
259;Oxalate;120;L;C;5;0.00198116086340212;0.00137497674450603;0.000614908293639369
260;Oxalate;120;L;Fe;5;0.00098647035904485;0.000976924532229365;0.000436893932590409
261;Oxalate;120;L;P;5;0.00144204645563443;0.00190819112996886;0.0008533690161345
262;Oxalate;120;U;C;5;2.85415160309409e-05;6.30034932487092e-05;2.81760187448126e-05
263;Oxalate;120;U;Fe;5;3.49097244728069e-07;2.03699495967655e-08;9.10971839932241e-09
264;Oxalate;120;U;P;5;3.70620451701065e-07;1.1502381343234e-08;5.14402131731933e-09
265;Oxaloacetate;15;L;C;5;0.106880460407223;0.0796772128633556;0.0356327328440367
266;Oxaloacetate;15;L;Fe;4;0.014423468376935;0.00431752916185737;0.00215876458092868
267;Oxaloacetate;15;L;P;5;0.112570307356323;0.0737083152430301;0.0329633606780798
268;Oxaloacetate;15;U;C;5;0.0155113865492549;0.019989458033021;0.00893955739904286
269;Oxaloacetate;15;U;Fe;5;0.0220118583448578;0.00590644742197152;0.00264144358821134
270;Oxaloacetate;15;U;P;4;0.0660867745258706;0.0586236696264206;0.0293118348132103
271;Oxaloacetate;30;L;C;4;0.0891734317288543;0.0939621653904918;0.0469810826952459
272;Oxaloacetate;30;L;Fe;5;0.0340398271009074;0.012627956418445;0.00564739379370956
273;Oxaloacetate;30;L;P;5;0.0627643930886939;0.0166208281292376;0.00743306030786321
274;Oxaloacetate;30;U;C;5;3.5288141634197e-07;2.31244628987618e-08;1.03415741969606e-08
275;Oxaloacetate;30;U;Fe;5;0.0406115252186418;0.0153635021775675;0.00687076704830139
276;Oxaloacetate;30;U;P;5;0.0642661260831836;0.0460772207311716;0.0206063595538325
277;Oxaloacetate;60;L;C;5;0.0662309010141592;0.0251491697918805;0.0112470506464658
278;Oxaloacetate;60;L;Fe;5;0.0334189217342133;0.0104434337452039;0.00467044555455822
279;Oxaloacetate;60;L;P;5;0.127395682768066;0.0435760654806944;0.019487808921363
280;Oxaloacetate;60;U;C;5;0.0271241531320015;0.0167318651494578;0.00748271757290948
281;Oxaloacetate;60;U;Fe;5;0.0397732599572605;0.00441054256525599;0.00197245459871374
282;Oxaloacetate;60;U;P;5;0.0420940253893285;0.0170853657892468;0.00764080786504105
283;Oxaloacetate;120;L;C;5;0.0213672444129138;0.00293485766934173;0.00131250825058694
284;Oxaloacetate;120;L;Fe;5;0.0350712675713057;0.00504749601706807;0.00225730884206473
285;Oxaloacetate;120;L;P;5;0.0352045848739553;0.0115339698691907;0.00515814813558895
286;Oxaloacetate;120;U;C;5;0.0410760338038759;0.0131470730359428;0.00587954980270454
287;Oxaloacetate;120;U;Fe;5;0.0285975470318844;0.0100251622578365;0.00448338885879754
288;Oxaloacetate;120;U;P;5;0.0386879045479537;0.00773747865375386;0.00346030564884944
289;Oxoglutarate;15;L;C;5;0.00165306426812095;0.000135702936561775;6.06881981796942e-05
290;Oxoglutarate;15;L;Fe;4;0.000337333401891646;0.000416999043990047;0.000208499521995024
291;Oxoglutarate;15;L;P;5;0.00194546750623138;0.000415623834945517;0.000185872629601466
292;Oxoglutarate;15;U;C;5;0.00101805501978907;0.000377259751604947;0.000168715689952669
293;Oxoglutarate;15;U;Fe;5;3.53653775609843e-07;2.15989498202544e-08;9.65934400813914e-09
294;Oxoglutarate;15;U;P;4;0.00102626636539633;0.000504158992561997;0.000252079496280998
295;Oxoglutarate;30;L;C;4;0.0019915252665066;0.00137855816446442;0.000689279082232208
296;Oxoglutarate;30;L;Fe;5;0.000942985924968021;0.00162416101268544;0.000726346886153908
297;Oxoglutarate;30;L;P;5;0.00252831363749578;0.000756600880655572;0.000338362200196413
298;Oxoglutarate;30;U;C;5;0.0024304875750961;0.000305106869247565;0.000136447940007939
299;Oxoglutarate;30;U;Fe;5;3.53485419120167e-07;2.32239541853637e-08;1.03860680529628e-08
300;Oxoglutarate;30;U;P;5;0.00314069256081604;0.000482010321541061;0.000215561568964469
301;Oxoglutarate;60;L;C;5;0.00402971658652816;0.00167850937540583;0.00075065221285563
302;Oxoglutarate;60;L;Fe;5;0.0015328298046856;0.000907961286132714;0.000406052631346177
303;Oxoglutarate;60;L;P;5;0.00378046181187353;0.000933855506453394;0.000417632878718457
304;Oxoglutarate;60;U;C;5;0.00271248876661179;0.00245389777838358;0.00109741644846028
305;Oxoglutarate;60;U;Fe;5;1.80961965622922e-05;3.96529055236653e-05;1.77333184512585e-05
306;Oxoglutarate;60;U;P;5;0.00217638881243145;0.00191437425838862;0.000856134195226539
307;Oxoglutarate;120;L;C;5;0.00569221631844376;0.00047625567983021;0.000212988014954145
308;Oxoglutarate;120;L;Fe;5;0.00531653611997508;0.0028742400757789;0.00128539923861915
309;Oxoglutarate;120;L;P;5;0.00315338577610075;0.00199600244128874;0.00089263942839543
310;Oxoglutarate;120;U;C;5;0.00433069131670159;0.00255829943226331;0.00114410628746798
311;Oxoglutarate;120;U;Fe;5;3.47415678558834e-07;1.48473429816418e-08;6.63993363844109e-09
312;Oxoglutarate;120;U;P;5;0.00502899827834061;0.000799892653545186;0.000357722869605945
313;Pyruvate;15;L;C;5;3.52416973693567e-07;2.32417822954281e-08;1.03940410261657e-08
314;Pyruvate;15;L;Fe;4;0.00091737754648871;0.00109307744663096;0.000546538723315482
315;Pyruvate;15;L;P;5;0.00116573301210129;0.00260586221961521;0.00116537701261162
316;Pyruvate;15;U;C;5;1.88544044000308e-05;4.13414110234711e-05;1.84884410668481e-05
317;Pyruvate;15;U;Fe;5;1.89161610230716e-05;4.14413158314808e-05;1.85331198552459e-05
318;Pyruvate;15;U;P;4;1.2632979176101e-05;2.4589260165242e-05;1.2294630082621e-05
319;Pyruvate;30;L;C;4;3.71251139043275e-07;1.50623040041364e-08;7.5311520020682e-09
320;Pyruvate;30;L;Fe;5;0.00055628597670618;0.0012431014572304;0.000555931872259247
321;Pyruvate;30;L;P;5;0.001216921614795;0.00129459250216911;0.000578959367602336
322;Pyruvate;30;U;C;5;3.53473171189344e-07;2.52959607079303e-08;1.13126975398192e-08
323;Pyruvate;30;U;Fe;5;3.77656920298127e-07;1.40236527302648e-08;6.27156815954454e-09
324;Pyruvate;30;U;P;5;3.47393326694014e-07;1.97236600805701e-08;8.82068894105073e-09
325;Pyruvate;60;L;C;5;3.41594840389109e-07;2.84860223747097e-08;1.27393364876862e-08
326;Pyruvate;60;L;Fe;5;2.1706842668417e-05;4.7703891185238e-05;2.1333828696289e-05
327;Pyruvate;60;L;P;5;0.00082294348733459;0.000725540511300126;0.000324471580739407
328;Pyruvate;60;U;C;5;3.55148050933137e-07;3.10271208305798e-08;1.38757502646552e-08
329;Pyruvate;60;U;Fe;5;8.41767020718924e-05;0.000138476453339904;6.19285525902207e-05
330;Pyruvate;60;U;P;5;0.000114838153629594;0.000255980729488122;0.000114478062413085
331;Pyruvate;120;L;C;5;2.13208193213742e-05;4.68676156142008e-05;2.09598348913367e-05
332;Pyruvate;120;L;Fe;5;0.000865539830466286;0.00102013316590311;0.000456217421012286
333;Pyruvate;120;L;P;5;0.000647071776997865;0.000939560447772886;0.000420184206038063
334;Pyruvate;120;U;C;5;6.24447035566304e-06;1.31847934485724e-05;5.89641888406034e-06
335;Pyruvate;120;U;Fe;5;3.51082844495271e-07;1.27730140120933e-08;5.7122655217196e-09
336;Pyruvate;120;U;P;5;3.66098948707258e-07;1.40669723493442e-08;6.29094128214871e-09
337;Succinate;15;L;C;5;3.525574067994e-07;2.91247789296092e-08;1.3024997103252e-08
338;Succinate;15;L;Fe;4;1.19987841009655e-05;2.32604774801622e-05;1.16302387400811e-05
339;Succinate;15;L;P;5;3.49620576846603e-05;7.73984870507836e-05;3.46136556802379e-05
340;Succinate;15;U;C;5;3.43251042572834e-07;1.10503318292395e-08;4.94185862882183e-09
341;Succinate;15;U;Fe;5;3.60378196516292e-07;2.48947990315182e-08;1.11332925841341e-08
342;Succinate;15;U;P;4;2.66240513426471e-05;5.25251409618499e-05;2.6262570480925e-05
343;Succinate;30;L;C;4;3.63414485803306e-07;2.53896509129623e-08;1.26948254564812e-08
344;Succinate;30;L;Fe;5;3.59735932757532e-07;3.01784364427661e-08;1.34962070681364e-08
345;Succinate;30;L;P;5;2.51813383801316e-05;5.54739828474064e-05;2.48087193258916e-05
346;Succinate;30;U;C;5;3.6483602731928e-07;2.00879647153426e-08;8.98361092662464e-09
347;Succinate;30;U;Fe;5;3.67681145187388e-07;1.7411830247839e-08;7.78680720937101e-09
348;Succinate;30;U;P;5;3.75548670784589e-07;1.06503616525601e-08;4.76298652801627e-09
349;Succinate;60;L;C;5;8.51794372542312e-05;0.000132315829343741;5.91734377823733e-05
350;Succinate;60;L;Fe;5;8.76578266231732e-05;0.00015501131591486;6.93231679334645e-05
351;Succinate;60;L;P;5;6.26038461381443e-05;8.72245584227165e-05;3.90080083881192e-05
352;Succinate;60;U;C;5;3.49155049600017e-07;1.96796107603672e-08;8.80098948618349e-09
353;Succinate;60;U;Fe;5;3.51236553468323e-07;2.89576235541229e-08;1.29502429467736e-08
354;Succinate;60;U;P;5;3.50567353835073e-07;1.54119499076941e-08;6.89243353188512e-09
355;Succinate;120;L;C;5;8.21023661791188e-05;0.000127460276660035;5.70019686085535e-05
356;Succinate;120;L;Fe;5;3.7344894334566e-07;1.07242685558954e-08;4.79603869998913e-09
357;Succinate;120;L;P;5;5.56244804729673e-05;0.000106547291140009;4.76493971615041e-05
358;Succinate;120;U;C;5;3.50607599645113e-07;2.40521136678946e-08;1.07564322327928e-08
359;Succinate;120;U;Fe;5;3.54647625635447e-07;1.76055372340802e-08;7.87343560716138e-09
360;Succinate;120;U;P;5;3.57176752526679e-07;3.03391255740841e-08;1.35680694323109e-08
