Compound;Time;Labeling;Treatment;N;mean;sd;se
1;Alanine;120min;L;C;5;0.9590595584;0.00793592932042829;0.00354905548502227
2;Alanine;120min;L;Fe;5;0.945347026;0.0016728139676599;0.000748105149079735
3;Alanine;120min;L;P;5;0.9524346032;0.00888457568353775;0.00397330303592641
4;Alanine;120min;U;C;5;0.9665903778;0.00795740932419152;0.00355866163473658
5;Alanine;120min;U;Fe;5;0.9481029384;0.0052247196236978;0.00233656564839308
6;Alanine;120min;U;P;5;0.9669350404;0.00754773708936769;0.00337545064162451
7;Alanine;15min;L;C;5;0.9642109626;0.00862181755659354;0.00385579402922886
8;Alanine;15min;L;Fe;4;0.95686926175;0.00869855399896174;0.00434927699948087
9;Alanine;15min;L;P;5;0.969989248;0.0035191465708427;0.00157381019103791
10;Alanine;15min;U;C;5;0.967977715;0.00818034515688272;0.00365836157004019
11;Alanine;15min;U;Fe;5;0.9554981568;0.0087331173007451;0.0039055687879891
12;Alanine;15min;U;P;5;0.9697911388;0.00855574251760352;0.00382624437346933
13;Alanine;30min;L;C;5;0.9600760336;0.00434223870687352;0.00194190818462
14;Alanine;30min;L;Fe;5;0.9509980466;0.00971930436258752;0.00434660504975119
15;Alanine;30min;L;P;5;0.9647049942;0.00907733795026499;0.00405950894230622
16;Alanine;30min;U;C;5;0.9725428362;0.00767550260790616;0.00343258911855102
17;Alanine;30min;U;Fe;5;0.9576040144;0.00578901253882711;0.00258892511188321
18;Alanine;30min;U;P;5;0.9696225576;0.00779296528045378;0.00348512002267807
19;Alanine;60min;L;C;5;0.9573001866;0.00893952147098857;0.00399787553908987
20;Alanine;60min;L;Fe;5;0.952006434;0.0068160315507298;0.00304822197684303
21;Alanine;60min;L;P;5;0.9647565966;0.00378920131774912;0.00169458234538376
22;Alanine;60min;U;C;5;0.9656813828;0.0102842618981561;0.0045992617405376
23;Alanine;60min;U;Fe;5;0.9616986384;0.00687154120002417;0.0030730466466889
24;Alanine;60min;U;P;5;0.9651342406;0.00433291715435118;0.00193773945960084
25;Arginine;120min;L;C;5;0.9502645156;0.00327427814477175;0.00146430170179031
26;Arginine;120min;L;Fe;5;0.958184585;0.0141910869994909;0.00634644704109502
27;Arginine;120min;L;P;5;0.9876863744;0.0128572080494943;0.00574991823990536
28;Arginine;120min;U;C;5;0.949317546;0.00691268899699281;0.00309144850091815
29;Arginine;120min;U;Fe;5;0.9701572886;0.00579225643250905;0.00259037582524013
30;Arginine;120min;U;P;5;0.9928705808;0.000973502715169379;0.000435363649479869
31;Arginine;15min;L;C;5;0.9558740884;0.00677519411233638;0.0030299589191881
32;Arginine;15min;L;Fe;4;0.96581424825;0.0136835166513411;0.00684175832567055
33;Arginine;15min;L;P;5;0.9935680886;0.000386796136948528;0.000172980491130245
34;Arginine;15min;U;C;5;0.9539693972;0.00336499906699985;0.00150487333160701
35;Arginine;15min;U;Fe;5;0.9677121702;0.00851850551345043;0.00380959147895638
36;Arginine;15min;U;P;5;0.9934296108;0.000625409917972784;0.000279691818077943
37;Arginine;30min;L;C;5;0.951357576;0.00880981378004765;0.00393986849626018
38;Arginine;30min;L;Fe;5;0.9664028622;0.00905939588742709;0.0040514850078738
39;Arginine;30min;L;P;5;0.9937129498;0.00107096010730662;0.000478947920225613
40;Arginine;30min;U;C;5;0.951901534;0.00331958533481267;0.0014845636931505
41;Arginine;30min;U;Fe;5;0.9589920998;0.024537522270032;0.0109735135590413
42;Arginine;30min;U;P;5;0.9941088142;0.000861516286244886;0.000385281795953347
43;Arginine;60min;L;C;5;0.9524908228;0.0141092361501183;0.00630984222845237
44;Arginine;60min;L;Fe;5;0.9724179622;0.00813190888913753;0.00363670021258926
45;Arginine;60min;L;P;5;0.9929765646;0.000644403765842716;0.000288186125076234
46;Arginine;60min;U;C;5;0.961954343;0.0160143839206314;0.0071618502128623
47;Arginine;60min;U;Fe;5;0.9665741244;0.00713513470363835;0.00319092924519063
48;Arginine;60min;U;P;5;0.9939437642;0.000512371769490878;0.000229139621266691
49;Asparagine;120min;L;C;5;0.9875159848;0.00854533157841577;0.00382158845992265
50;Asparagine;120min;L;Fe;5;0.9649860432;0.00632112083315109;0.00282689117538319
51;Asparagine;120min;L;P;5;0.9875391706;0.00242530686907929;0.00108463020511169
52;Asparagine;120min;U;C;5;0.988987766;0.00717014129505393;0.00320658466880379
53;Asparagine;120min;U;Fe;5;0.9569770524;0.00719772620357455;0.00321892101492484
54;Asparagine;120min;U;P;5;0.9878696928;0.0049123144462247;0.00219685380572253
55;Asparagine;15min;L;C;5;0.9912382896;0.00169101900999449;0.000756246691518416
56;Asparagine;15min;L;Fe;4;0.89560214925;0.119046463461004;0.0595232317305019
57;Asparagine;15min;L;P;5;0.9880587912;0.00485750763367999;0.00217234345402652
58;Asparagine;15min;U;C;5;0.9897982526;0.00469542047969582;0.00209985587510891
59;Asparagine;15min;U;Fe;5;0.9668902498;0.00678972142582577;0.00303645573128664
60;Asparagine;15min;U;P;5;0.987685308;0.00442654279330368;0.00197961011822777
61;Asparagine;30min;L;C;5;0.9829476854;0.0122588551112051;0.00548232667099507
62;Asparagine;30min;L;Fe;5;0.959147582;0.0107034833719441;0.00478674328314112
63;Asparagine;30min;L;P;5;0.9867383686;0.00278563872048885;0.00124577550795372
64;Asparagine;30min;U;C;5;0.9927665976;0.00137462362690821;0.000614750374648815
65;Asparagine;30min;U;Fe;5;0.9591174638;0.00833853003347609;0.00372910399745523
66;Asparagine;30min;U;P;5;0.9868852538;0.00190882708366437;0.000853653423273242
67;Asparagine;60min;L;C;5;0.985685823;0.00884840805389976;0.0039571283802353
68;Asparagine;60min;L;Fe;5;0.9588374744;0.00713795523644695;0.00319219062580919
69;Asparagine;60min;L;P;5;0.9860579586;0.00473378560235731;0.00211701327955615
70;Asparagine;60min;U;C;5;0.982930867;0.0106795302550616;0.00477603112361668
71;Asparagine;60min;U;Fe;5;0.9677734134;0.00891720599538384;0.00398789575500939
72;Asparagine;60min;U;P;5;0.9862562778;0.00334959645008292;0.00149798507191548
73;Aspartic acid;120min;L;C;5;0.9742851422;0.00395923476544342;0.00177062361488239
74;Aspartic acid;120min;L;Fe;5;0.9627697062;0.0122335134771446;0.00547099354771104
75;Aspartic acid;120min;L;P;5;0.9739730592;0.0200304387844527;0.0089578845482369
76;Aspartic acid;120min;U;C;5;0.9796223042;0.0171655116933407;0.00767665020297547
77;Aspartic acid;120min;U;Fe;5;0.9877712478;0.00342678572712851;0.00153250516603708
78;Aspartic acid;120min;U;P;5;0.9812559274;0.00607726197277502;0.00271783417763989
79;Aspartic acid;15min;L;C;5;0.981566607;0.00525090309468576;0.00234827525259628
80;Aspartic acid;15min;L;Fe;4;0.98347781925;0.00340163761342451;0.00170081880671226
81;Aspartic acid;15min;L;P;5;0.985996648;0.0043049680602092;0.00192524024471864
82;Aspartic acid;15min;U;C;5;0.9843191268;0.00643476457701934;0.00287771420268458
83;Aspartic acid;15min;U;Fe;5;0.9737843954;0.0159327941219486;0.00712536214563723
84;Aspartic acid;15min;U;P;5;0.9846140184;0.00220490153733674;0.000986061944235749
85;Aspartic acid;30min;L;C;5;0.9771766918;0.00839180466518682;0.00375292913705152
86;Aspartic acid;30min;L;Fe;5;0.9773884286;0.00396221771705295;0.00177195763139688
87;Aspartic acid;30min;L;P;5;0.9803302974;0.00481690453854873;0.00215418519786444
88;Aspartic acid;30min;U;C;5;0.9867444006;0.00340283256145103;0.00152179298469085
89;Aspartic acid;30min;U;Fe;5;0.9786524228;0.0149694471419937;0.00669454027901759
90;Aspartic acid;30min;U;P;5;0.9842418054;0.00335191316007342;0.00149902113612006
91;Aspartic acid;60min;L;C;5;0.974206415;0.00660210871744095;0.00295255277740838
92;Aspartic acid;60min;L;Fe;5;0.9817159702;0.00273288206928917;0.00122218201628417
93;Aspartic acid;60min;L;P;5;0.9819549186;0.0030606812475671;0.00136877826540378
94;Aspartic acid;60min;U;C;5;0.9854420166;0.003568513174278;0.00159588760725783
95;Aspartic acid;60min;U;Fe;5;0.9868864876;0.00361641237367764;0.00161730878044291
96;Aspartic acid;60min;U;P;5;0.9786537774;0.00573243209225645;0.00256362156693735
97;Citrulline;120min;L;C;5;0.932494373;0.0189573217754594;0.00847797203225286
98;Citrulline;120min;L;Fe;5;0.914830765;0.0359187538820926;0.0160633550694887
99;Citrulline;120min;L;P;5;0.9384149064;0.0159498589444928;0.00713299376628377
100;Citrulline;120min;U;C;5;0.9353321018;0.0251838949937892;0.0112625802288659
101;Citrulline;120min;U;Fe;5;0.9464171658;0.0516341123997084;0.0230914770567225
102;Citrulline;120min;U;P;5;0.9525781466;0.00906240571371843;0.00405283104311138
103;Citrulline;15min;L;C;5;0.965979494;0.0129872902143234;0.00580809275254901
104;Citrulline;15min;L;Fe;4;0.973864039;0.0254614953614574;0.0127307476807287
105;Citrulline;15min;L;P;5;0.9577992058;0.00765513996360929;0.00342348266718113
106;Citrulline;15min;U;C;5;0.9669295602;0.0206063065023713;0.00921542042089962
107;Citrulline;15min;U;Fe;5;0.96734592;0.0377992832492667;0.0169043533692259
108;Citrulline;15min;U;P;5;0.964055377;0.00279460892325447;0.0012497871045849
109;Citrulline;30min;L;C;5;0.9620068122;0.0112494574681331;0.00503091032174765
110;Citrulline;30min;L;Fe;5;0.955500563;0.0107042718512847;0.00478709590182203
111;Citrulline;30min;L;P;5;0.9543505026;0.0107531906975822;0.00480897307496246
112;Citrulline;30min;U;C;5;0.974400498;0.0150771146068564;0.0067426906330972
113;Citrulline;30min;U;Fe;5;0.9746218294;0.0370171431251954;0.0165545696721552
114;Citrulline;30min;U;P;5;0.9684538756;0.015678244568401;0.00701152412456229
115;Citrulline;60min;L;C;5;0.9277174712;0.0206338998029295;0.00922776052005399
116;Citrulline;60min;L;Fe;5;0.943257973;0.0104063354473413;0.00465385469138417
117;Citrulline;60min;L;P;5;0.9451448514;0.0207191343135661;0.00926587855201646
118;Citrulline;60min;U;C;5;0.9520379728;0.0233153172302486;0.0104269268487616
119;Citrulline;60min;U;Fe;5;0.9380112702;0.0340452646236876;0.0152255052021069
120;Citrulline;60min;U;P;5;0.9591990442;0.00450963005794808;0.00201676787258964
121;GABA;120min;L;C;5;0.9527769702;0.0064788692941463;0.00289743843180944
122;GABA;120min;L;Fe;5;0.9444849314;0.00775955465435596;0.00347017833645296
123;GABA;120min;L;P;5;0.9259475276;0.0106823682689343;0.00477730032200475
124;GABA;120min;U;C;5;0.9636877608;0.00482912216530263;0.00215964908665353
125;GABA;120min;U;Fe;5;0.9752070094;0.0013149668827869;0.0005880710676145
126;GABA;120min;U;P;5;0.9724734662;0.00230137985210997;0.00102920835827326
127;GABA;15min;L;C;5;0.9611569176;0.00643577568101433;0.00287816638213761
128;GABA;15min;L;Fe;4;0.95873906325;0.00335598238393641;0.00167799119196821
129;GABA;15min;L;P;5;0.9526299526;0.00607409155653545;0.00271641632439415
130;GABA;15min;U;C;5;0.970808725;0.00667676713689529;0.0029859410376069
131;GABA;15min;U;Fe;5;0.963019612;0.0136813694094536;0.0061184944049649
132;GABA;15min;U;P;5;0.9691200948;0.00691181295677766;0.00309105672382373
133;GABA;30min;L;C;5;0.939806537;0.00764508214040514;0.0034189846719031
134;GABA;30min;L;Fe;5;0.9302637934;0.00828332271917874;0.00370441453593041
135;GABA;30min;L;P;5;0.9304101272;0.00788139144313535;0.00352466540482716
136;GABA;30min;U;C;5;0.9691139478;0.00695657550020813;0.003111075141815
137;GABA;30min;U;Fe;5;0.9591873378;0.00378892269107553;0.00169445773974727
138;GABA;30min;U;P;5;0.9669251466;0.0044130940929509;0.0019735956765882
139;GABA;60min;L;C;5;0.941494256;0.009538895337791;0.0042659236811113
140;GABA;60min;L;Fe;5;0.9369214872;0.00194671995483291;0.00087059963043234
141;GABA;60min;L;P;5;0.923084473;0.0107905675684322;0.00482568851976381
142;GABA;60min;U;C;5;0.9686493782;0.00240657077220288;0.00107625116786196
143;GABA;60min;U;Fe;5;0.9673963602;0.00329262982646316;0.00147250882334299
144;GABA;60min;U;P;5;0.972608756;0.00511158809561893;0.00228597169095652
145;Glutamic acid;120min;L;C;5;0.9397795174;0.01360417365339;0.00608397141333832
146;Glutamic acid;120min;L;Fe;5;0.938606003;0.00897461967188573;0.00401357193170867
147;Glutamic acid;120min;L;P;5;0.9309349804;0.0177297517393053;0.00792898602265635
148;Glutamic acid;120min;U;C;5;0.9780604542;0.00763804778537279;0.00341583881269706
149;Glutamic acid;120min;U;Fe;5;0.9743211838;0.00808777304280707;0.00361696206206139
150;Glutamic acid;120min;U;P;5;0.9754052448;0.00447906909366257;0.00200310059386957
151;Glutamic acid;15min;L;C;5;0.9545472398;0.0129844647008132;0.00580682914449294
152;Glutamic acid;15min;L;Fe;4;0.95473068875;0.0054475380473958;0.0027237690236979
153;Glutamic acid;15min;L;P;5;0.9481068036;0.0055558406757598;0.00248464748463146
154;Glutamic acid;15min;U;C;5;0.9799009118;0.00468383273906111;0.00209467367995594
155;Glutamic acid;15min;U;Fe;5;0.9754077464;0.00821033799349737;0.00367177477434187
156;Glutamic acid;15min;U;P;5;0.9755973998;0.00552818018907813;0.00247227733892927
157;Glutamic acid;30min;L;C;5;0.931261573;0.01172942460515;0.00524555815081482
158;Glutamic acid;30min;L;Fe;5;0.9398038552;0.00531849421737615;0.00237850292159852
159;Glutamic acid;30min;L;P;5;0.9424638976;0.00937820510068092;0.00419406082241156
160;Glutamic acid;30min;U;C;5;0.9785118794;0.00517403030338615;0.00231389669520306
161;Glutamic acid;30min;U;Fe;5;0.9791315802;0.00534979095463846;0.00239249924799702
162;Glutamic acid;30min;U;P;5;0.9731870928;0.00200573676720591;0.000896992751288615
163;Glutamic acid;60min;L;C;5;0.928063423;0.00883766206823288;0.00395232262934802
164;Glutamic acid;60min;L;Fe;5;0.9390584448;0.0100532740772597;0.00449596084663785
165;Glutamic acid;60min;L;P;5;0.934920734;0.011278518072274;0.00504390661901293
166;Glutamic acid;60min;U;C;5;0.9748956832;0.00673114661350533;0.00301026027886309
167;Glutamic acid;60min;U;Fe;5;0.9743846808;0.00471946421066343;0.00211060855848416
168;Glutamic acid;60min;U;P;5;0.9752468576;0.00624350618518569;0.00279218084960312
169;Glutamine;120min;L;C;5;0.951433482;0.0131437797118699;0.00587807698340475
170;Glutamine;120min;L;Fe;5;0.9121211968;0.030216312334732;0.0135131456819652
171;Glutamine;120min;L;P;5;0.9839221238;0.00432688491490415;0.00193504176010882
172;Glutamine;120min;U;C;5;0.9881428954;0.00434858297153048;0.00194474542602804
173;Glutamine;120min;U;Fe;5;0.9922861032;0.000735498726201289;0.000328925029830118
174;Glutamine;120min;U;P;5;0.987450467;0.00454157049290899;0.00203105206935035
175;Glutamine;15min;L;C;5;0.975560375;0.00651137364822996;0.0029119748208686
176;Glutamine;15min;L;Fe;4;0.969306095;0.00349399043074228;0.00174699521537114
177;Glutamine;15min;L;P;5;0.9822601808;0.00247213900855144;0.00110557417458999
178;Glutamine;15min;U;C;5;0.9871538734;0.00467759925757781;0.0020918859822893
179;Glutamine;15min;U;Fe;5;0.981967568;0.0185556907909336;0.00829835719559888
180;Glutamine;15min;U;P;5;0.9853234886;0.00287745502002903;0.00128683700539659
181;Glutamine;30min;L;C;5;0.9422836258;0.0166317290131925;0.0074379353313708
182;Glutamine;30min;L;Fe;5;0.9403625428;0.00900644554279155;0.00402780489386638
183;Glutamine;30min;L;P;5;0.9805588098;0.00372236935371452;0.00166469418245353
184;Glutamine;30min;U;C;5;0.983268076;0.00345377044568138;0.00154457309904466
185;Glutamine;30min;U;Fe;5;0.9851738594;0.0105038040193166;0.00469744396190549
186;Glutamine;30min;U;P;5;0.9861244254;0.00120942968798657;0.000540873399268867
187;Glutamine;60min;L;C;5;0.9259956274;0.0197187879060664;0.00881851003837304
188;Glutamine;60min;L;Fe;5;0.9296507908;0.0165622177223562;0.00740684893706803
189;Glutamine;60min;L;P;5;0.9789105436;0.00589862293957751;0.00263794437330699
190;Glutamine;60min;U;C;5;0.98714859;0.00519478024377776;0.002323176350652
191;Glutamine;60min;U;Fe;5;0.9869413712;0.00574198958303954;0.00256789580675442
192;Glutamine;60min;U;P;5;0.9889532388;0.00287639357455066;0.00128636231254778
193;Glycine;120min;L;C;5;0.945051211;0.00326331023103142;0.00145939670165136
194;Glycine;120min;L;Fe;5;0.9533861524;0.00762050373299901;0.00340799287395534
195;Glycine;120min;L;P;5;0.9497237684;0.00643023473786141;0.00287568839702773
196;Glycine;120min;U;C;5;0.9531920606;0.0027276970734428;0.00121986321564907
197;Glycine;120min;U;Fe;5;0.9567846212;0.00758109453043587;0.00339036854278129
198;Glycine;120min;U;P;5;0.9506740194;0.00395946861029156;0.00177072819347771
199;Glycine;15min;L;C;5;0.9519862284;0.00417383492701967;0.00186659572473577
200;Glycine;15min;L;Fe;4;0.95308831475;0.00605694308250621;0.00302847154125311
201;Glycine;15min;L;P;5;0.955778928;0.00565501182801141;0.00252899817219977
202;Glycine;15min;U;C;5;0.9511131526;0.00350551444080063;0.00156771371714747
203;Glycine;15min;U;Fe;5;0.9583218084;0.00874150214991719;0.00390931860653508
204;Glycine;15min;U;P;5;0.9551972514;0.00937923705980362;0.00419452232856123
205;Glycine;30min;L;C;5;0.9458201502;0.00576018459087213;0.00257603286162738
206;Glycine;30min;L;Fe;5;0.952386014;0.00289322295751063;0.00129388864141135
207;Glycine;30min;L;P;5;0.9521353334;0.00913275887850399;0.00408429393488993
208;Glycine;30min;U;C;5;0.9522720986;0.00363574931603161;0.00162595652395901
209;Glycine;30min;U;Fe;5;0.953584085;0.0164627341530532;0.00736235853234686
210;Glycine;30min;U;P;5;0.9551499784;0.00715452431292593;0.00319960054207547
211;Glycine;60min;L;C;5;0.951072048;0.003763203970377;0.00168295597819202
212;Glycine;60min;L;Fe;5;0.9511840738;0.00707540282641731;0.00316421633761265
213;Glycine;60min;L;P;5;0.9556086086;0.00813232056616185;0.00363688432015149
214;Glycine;60min;U;C;5;0.9489552944;0.00309845139481891;0.00138566958875882
215;Glycine;60min;U;Fe;5;0.9510198996;0.00586631253780882;0.00262349472235996
216;Glycine;60min;U;P;5;0.9485345098;0.00633920474768819;0.00283497854782404
217;Histidine;120min;L;C;5;0.9736891538;0.0183522819838156;0.00820739001161128
218;Histidine;120min;L;Fe;5;0.9740601534;0.00631681474901096;0.00282496543601235
219;Histidine;120min;L;P;5;0.9569035318;0.0182279626404219;0.00815179271106199
220;Histidine;120min;U;C;5;0.9671840816;0.00388648799360389;0.00173809026948701
221;Histidine;120min;U;Fe;5;0.9795978658;0.00490369948570821;0.00219300107825486
222;Histidine;120min;U;P;5;0.9532500196;0.010887967682129;0.00486924717481224
223;Histidine;15min;L;C;5;0.9672400808;0.0144655994688469;0.0064692127495253
224;Histidine;15min;L;Fe;4;0.981609616;0.006729909253783;0.0033649546268915
225;Histidine;15min;L;P;5;0.9490855124;0.00428918918666077;0.0019181837179461
226;Histidine;15min;U;C;5;0.9745379732;0.00870431428673605;0.00389268768853288
227;Histidine;15min;U;Fe;5;0.963748971;0.0161652735104345;0.00722933008884165
228;Histidine;15min;U;P;5;0.9545445714;0.00352683677663474;0.00157724935562031
229;Histidine;30min;L;C;5;0.9774864228;0.00962747050542306;0.00430553570030005
230;Histidine;30min;L;Fe;5;0.9715689916;0.00730720627857423;0.00326788199290105
231;Histidine;30min;L;P;5;0.9518531478;0.00443554818715971;0.00198363745279301
232;Histidine;30min;U;C;5;0.9665149252;0.0125184417069956;0.00559841732584214
233;Histidine;30min;U;Fe;5;0.97279101;0.0143898004097328;0.00643531437976336
234;Histidine;30min;U;P;5;0.949352536;0.0043818834804306;0.00195963786634524
235;Histidine;60min;L;C;5;0.9737015972;0.00707579152329974;0.003164390168143
236;Histidine;60min;L;Fe;5;0.9794613296;0.00549136909761795;0.00245581491836308
237;Histidine;60min;L;P;5;0.9501117544;0.00550159275662614;0.0024603870776673
238;Histidine;60min;U;C;5;0.9784642414;0.00759180515437183;0.00339515847942174
239;Histidine;60min;U;Fe;5;0.9780081682;0.00484635172325272;0.00216735437921327
240;Histidine;60min;U;P;5;0.9591331282;0.0104513435093798;0.00467398290863489
241;Isoleucine;120min;L;C;5;0.9886634328;0.00276756066785928;0.00123769075703761
242;Isoleucine;120min;L;Fe;5;0.9879654354;0.00412678743722505;0.00184555544766547
243;Isoleucine;120min;L;P;5;0.990902766;0.00510130316961533;0.002281372132219
244;Isoleucine;120min;U;C;5;0.983835865;0.00886276873306923;0.0039635506712005
245;Isoleucine;120min;U;Fe;5;0.9893087716;0.0015166357415465;0.000678260123040756
246;Isoleucine;120min;U;P;5;0.987044177;0.00232821395089228;0.0010412089320717
247;Isoleucine;15min;L;C;5;0.9851746452;0.00406901753831373;0.00181971996346167
248;Isoleucine;15min;L;Fe;4;0.99156823;0.000734002440012736;0.000367001220006368
249;Isoleucine;15min;L;P;5;0.9846001324;0.00364675439257664;0.00163087814380946
250;Isoleucine;15min;U;C;5;0.9853624824;0.00344163344557113;0.00153914526758677
251;Isoleucine;15min;U;Fe;5;0.9780653448;0.024089668419429;0.0107732272282546
252;Isoleucine;15min;U;P;5;0.9876083338;0.002801730237715;0.00125297185322948
253;Isoleucine;30min;L;C;5;0.9888007804;0.00297200657695011;0.00132912174712738
254;Isoleucine;30min;L;Fe;5;0.989487502;0.00293749591337775;0.0013136881091881
255;Isoleucine;30min;L;P;5;0.9823358326;0.00359621104968078;0.00160827447370442
256;Isoleucine;30min;U;C;5;0.9862167106;0.00441921574554722;0.0019763333628562
257;Isoleucine;30min;U;Fe;5;0.9819190594;0.0207948561600925;0.00929974239125942
258;Isoleucine;30min;U;P;5;0.9874103012;0.00351649859582522;0.00157262598060955
259;Isoleucine;60min;L;C;5;0.9871696386;0.00311027202295526;0.00139095593436875
260;Isoleucine;60min;L;Fe;5;0.9901723848;0.00119394175971745;0.000533946987180787
261;Isoleucine;60min;L;P;5;0.989033749;0.00225977305728419;0.001010601233962
262;Isoleucine;60min;U;C;5;0.9894921572;0.00191079213194572;0.000854532219580477
263;Isoleucine;60min;U;Fe;5;0.9905486462;0.000941931239403481;0.000421244456287362
264;Isoleucine;60min;U;P;5;0.984452656;0.00400049570149122;0.00178907606644602
265;Leucine;120min;L;C;5;0.9823335118;0.00701520815273216;0.00313729646116397
266;Leucine;120min;L;Fe;5;0.9727488472;0.00744627740255321;0.00333007649028591
267;Leucine;120min;L;P;5;0.9806535522;0.0112074543769645;0.00501212596832403
268;Leucine;120min;U;C;5;0.9743056872;0.0164620733119686;0.00736206299522938
269;Leucine;120min;U;Fe;5;0.9664717792;0.00678195357371997;0.0030329818422171
270;Leucine;120min;U;P;5;0.9738271592;0.0113927729843593;0.00509500296905013
271;Leucine;15min;L;C;5;0.969218926;0.00623563070997934;0.00278865883001982
272;Leucine;15min;L;Fe;4;0.97236260375;0.00753861630177669;0.00376930815088835
273;Leucine;15min;L;P;5;0.9724940216;0.0105699663413991;0.00472703265185061
274;Leucine;15min;U;C;5;0.9786045846;0.00903120112713424;0.00403887592774898
275;Leucine;15min;U;Fe;5;0.9676831426;0.00974351208504357;0.00435743107234962
276;Leucine;15min;U;P;5;0.9696388034;0.011574071873083;0.00517608229693636
277;Leucine;30min;L;C;5;0.9759947724;0.00855585700278277;0.00382629557279798
278;Leucine;30min;L;Fe;5;0.9673401548;0.0110990090503505;0.00496362774389382
279;Leucine;30min;L;P;5;0.9707513462;0.00697606337891363;0.00311979038611955
280;Leucine;30min;U;C;5;0.977321966;0.00804407607110142;0.00359742018223244
281;Leucine;30min;U;Fe;5;0.9674187312;0.0121080235547635;0.00541487274832398
282;Leucine;30min;U;P;5;0.9724175044;0.00843517837749086;0.00377232645088119
283;Leucine;60min;L;C;5;0.9770019872;0.0109833831406124;0.00491191826506689
284;Leucine;60min;L;Fe;5;0.9703885286;0.006454838305034;0.00288669144676511
285;Leucine;60min;L;P;5;0.9769881596;0.00676176966582158;0.00302395532419462
286;Leucine;60min;U;C;5;0.9775385448;0.00959798417385913;0.00429234901194324
287;Leucine;60min;U;Fe;5;0.9746016452;0.00899436742888207;0.00402240339711806
288;Leucine;60min;U;P;5;0.9756825242;0.00536831462354215;0.00240078328456929
289;Lysine;120min;L;C;5;0.9560653858;0.0112593055964822;0.00503531453863559
290;Lysine;120min;L;Fe;5;0.9517623678;0.0186511566778519;0.00834105083813522
291;Lysine;120min;L;P;5;0.9657571708;0.0161257621830443;0.00721166008605651
292;Lysine;120min;U;C;5;0.971027897;0.0121563259010331;0.00543647421427026
293;Lysine;120min;U;Fe;5;0.9523754936;0.013227943024784;0.00591571596118223
294;Lysine;120min;U;P;5;0.9753159104;0.00632437958601646;0.00282834853396896
295;Lysine;15min;L;C;5;0.9616025502;0.0163704580646083;0.00732109141105474
296;Lysine;15min;L;Fe;4;0.9556256975;0.0143628457117208;0.00718142285586041
297;Lysine;15min;L;P;5;0.9767864224;0.00624760596260415;0.00279401432580318
298;Lysine;15min;U;C;5;0.9695925252;0.0144423226471365;0.00645880303839639
299;Lysine;15min;U;Fe;5;0.8912896924;0.0672560026838556;0.0300777987792019
300;Lysine;15min;U;P;5;0.9679164734;0.00443726825579738;0.00198440669087297
301;Lysine;30min;L;C;5;0.9694137844;0.017563410240876;0.00785459584306296
302;Lysine;30min;L;Fe;5;0.9387519456;0.0175374136928156;0.00784296983333424
303;Lysine;30min;L;P;5;0.9754275878;0.00666966087440514;0.00298276302040811
304;Lysine;30min;U;C;5;0.9717371912;0.0111700111030504;0.00499538082716961
305;Lysine;30min;U;Fe;5;0.9316785258;0.0536212966817179;0.023980172884401
306;Lysine;30min;U;P;5;0.9753263148;0.0100426393622473;0.0044912048575
307;Lysine;60min;L;C;5;0.9633379378;0.0131134356943862;0.00586450672624393
308;Lysine;60min;L;Fe;5;0.9498301868;0.0155780670365593;0.00696672337035907
309;Lysine;60min;L;P;5;0.9751879578;0.00994450806562435;0.0044473192075062
310;Lysine;60min;U;C;5;0.9565192108;0.0226246881579535;0.0101180681381837
311;Lysine;60min;U;Fe;5;0.9408571526;0.0166508176950916;0.00744647204943622
312;Lysine;60min;U;P;5;0.9729366528;0.00923257112402726;0.00412893132808532
313;Methionine;120min;L;C;5;0.9557407288;0.0160139304279933;0.00716164740478906
314;Methionine;120min;L;Fe;5;0.95505733;0.0122348882371937;0.00547160835909554
315;Methionine;120min;L;P;5;0.9481138476;0.0239128609986062;0.0106941565458774
316;Methionine;120min;U;C;5;0.9452963898;0.00751183129430095;0.00335939308191343
317;Methionine;120min;U;Fe;5;0.9513899874;0.0158611571005581;0.00709332509573029
318;Methionine;120min;U;P;5;0.9458186162;0.00597907100556613;0.00267392184214878
319;Methionine;15min;L;C;5;0.9433915414;0.0105546702910517;0.00472019205017783
320;Methionine;15min;L;Fe;4;0.9530750705;0.00605993306297301;0.00302996653148651
321;Methionine;15min;L;P;5;0.9421902552;0.0063294250713478;0.00283060494360503
322;Methionine;15min;U;C;5;0.946033064;0.00585498258503095;0.00261842781344133
323;Methionine;15min;U;Fe;5;0.947550007;0.00778957631226398;0.00348360443002888
324;Methionine;15min;U;P;5;0.9485399406;0.0146338548456995;0.00654445884156975
325;Methionine;30min;L;C;5;0.946690703;0.0105919862905613;0.0047368802724882
326;Methionine;30min;L;Fe;5;0.954189976;0.00821027390974622;0.0036717461152171
327;Methionine;30min;L;P;5;0.9415843706;0.00631642052420798;0.00282478913332078
328;Methionine;30min;U;C;5;0.9418522898;0.00491732598984699;0.00219909503616486
329;Methionine;30min;U;Fe;5;0.944852306;0.00838757322918442;0.00375103678134276
330;Methionine;30min;U;P;5;0.9509498674;0.0115722392048476;0.00517526270278546
331;Methionine;60min;L;C;5;0.9578723772;0.0110896380084035;0.00495943688653112
332;Methionine;60min;L;Fe;5;0.9421334246;0.0139978842858187;0.00626004416085333
333;Methionine;60min;L;P;5;0.9536177166;0.00902738727333466;0.00403717032047855
334;Methionine;60min;U;C;5;0.9475709564;0.0126769898595197;0.00566932221519232
335;Methionine;60min;U;Fe;5;0.941135016;0.0121107003208816;0.00541606983452393
336;Methionine;60min;U;P;5;0.941451484;0.00475164127416085;0.00212499857874348
337;Norvaline;120min;L;C;5;0.9393166778;0.00615924253972629;0.00275449700174729
338;Norvaline;120min;L;Fe;5;0.9405417654;0.00470637518282337;0.00210475496728221
339;Norvaline;120min;L;P;5;0.9616692734;0.0238755295625104;0.0106774614201158
340;Norvaline;120min;U;C;5;0.9423957942;0.0213164373759738;0.00953300060215892
341;Norvaline;120min;U;Fe;5;0.9453811716;0.00740541112438696;0.00331180053509248
342;Norvaline;120min;U;P;5;0.9581099362;0.028919304165129;0.0129331059950443
343;Norvaline;15min;L;C;5;0.9442332598;0.0235980585675097;0.0105533726187946
344;Norvaline;15min;L;Fe;4;0.9432318345;0.0122775131775057;0.00613875658875287
345;Norvaline;15min;L;P;5;0.9690705098;0.0158123544521412;0.00707149988786184
346;Norvaline;15min;U;C;5;0.947677416;0.0268481894975465;0.012006875357862
347;Norvaline;15min;U;Fe;5;0.9452364506;0.0243004739247848;0.010867502316256
348;Norvaline;15min;U;P;5;0.9624614016;0.0260883249383465;0.0116670535962491
349;Norvaline;30min;L;C;5;0.9376208204;0.00784515140772461;0.00350845836829008
350;Norvaline;30min;L;Fe;5;0.937652314;0.00267531187213386;0.00119643584142071
351;Norvaline;30min;L;P;5;0.9569078698;0.0179290889828425;0.0080181323480557
352;Norvaline;30min;U;C;5;0.9360874926;0.00352759685801422;0.00157758927434689
353;Norvaline;30min;U;Fe;5;0.9433869018;0.00548120805739448;0.00245127076303073
354;Norvaline;30min;U;P;5;0.947498962;0.0269952065074332;0.0120726233634531
355;Norvaline;60min;L;C;5;0.9394762894;0.00811201768108889;0.00362780459391899
356;Norvaline;60min;L;Fe;5;0.9446222798;0.0067284955754009;0.00300907469858059
357;Norvaline;60min;L;P;5;0.960087935;0.0271992884398197;0.0121638915782122
358;Norvaline;60min;U;C;5;0.943755627;0.0035175668382425;0.00157310371314185
359;Norvaline;60min;U;Fe;5;0.936627127;0.00681628252102174;0.00304833421416965
360;Norvaline;60min;U;P;5;0.9317478802;0.0068946772977473;0.0030833934241375
361;Phenylalanine;120min;L;C;5;0.9777451762;0.00808315404866398;0.00361489638508306
362;Phenylalanine;120min;L;Fe;5;0.9499295426;0.0129715969306264;0.00580107450272163
363;Phenylalanine;120min;L;P;5;0.9855575798;0.0136630714676309;0.00611031131661211
364;Phenylalanine;120min;U;C;5;0.9802045698;0.0121081074246798;0.0054149102560908
365;Phenylalanine;120min;U;Fe;5;0.9435599678;0.00544434916369309;0.00243478696465238
366;Phenylalanine;120min;U;P;5;0.9901314404;0.00133810289462294;0.000598417806653226
367;Phenylalanine;15min;L;C;5;0.9839231338;0.00347812317503329;0.00155546397069837
368;Phenylalanine;15min;L;Fe;4;0.97310480325;0.00528572049076237;0.00264286024538119
369;Phenylalanine;15min;L;P;5;0.986314119;0.00417536935254787;0.00186728194069326
370;Phenylalanine;15min;U;C;5;0.988293903;0.00316888273156526;0.00141716744010103
371;Phenylalanine;15min;U;Fe;5;0.9683053554;0.00531619033120615;0.00237747259238081
372;Phenylalanine;15min;U;P;5;0.9884099664;0.0053189105302074;0.00237868910235664
373;Phenylalanine;30min;L;C;5;0.9717083344;0.00944482313400264;0.0042238533126185
374;Phenylalanine;30min;L;Fe;5;0.969538643;0.0117504002523093;0.00525493874539884
375;Phenylalanine;30min;L;P;5;0.9872199904;0.00425952069787177;0.00190491556640172
376;Phenylalanine;30min;U;C;5;0.9835513508;0.00474806869517344;0.00212340087284931
377;Phenylalanine;30min;U;Fe;5;0.96735297;0.0186922257928038;0.00835941750469684
378;Phenylalanine;30min;U;P;5;0.9903935932;0.000798531031354581;0.000357113933650372
379;Phenylalanine;60min;L;C;5;0.9703850576;0.00943855116371591;0.0042210484022357
380;Phenylalanine;60min;L;Fe;5;0.9747995422;0.00600391677736485;0.00268503320908785
381;Phenylalanine;60min;L;P;5;0.9896583718;0.00207826768492985;0.000929429563788851
382;Phenylalanine;60min;U;C;5;0.9688057422;0.00803510269766035;0.0035934071676321
383;Phenylalanine;60min;U;Fe;5;0.9680073456;0.00453117427779338;0.0020264027406089
384;Phenylalanine;60min;U;P;5;0.987440401;0.00432116573294886;0.00193248406418327
385;Proline;120min;L;C;5;0.9470375188;0.0118956581348853;0.0053199000453404
386;Proline;120min;L;Fe;5;0.9421044336;0.0125425312358504;0.00560919049065519
387;Proline;120min;L;P;5;0.9507059608;0.0145513210017705;0.00650754858447586
388;Proline;120min;U;C;5;0.9626888778;0.0187711995275935;0.0083947356325822
389;Proline;120min;U;Fe;5;0.9421462134;0.00249535477222193;0.00111595657973335
390;Proline;120min;U;P;5;0.943035159;0.0136200014214705;0.00609104980641035
391;Proline;15min;L;C;5;0.9733249568;0.0101258974880197;0.0045284390232813
392;Proline;15min;L;Fe;4;0.96206258125;0.00968624621069456;0.00484312310534728
393;Proline;15min;L;P;5;0.9496543124;0.0146098864968333;0.00653373987009512
394;Proline;15min;U;C;5;0.969111143;0.0110745581063892;0.0049526929493315
395;Proline;15min;U;Fe;5;0.9596687782;0.0144226463507594;0.00645000353114747
396;Proline;15min;U;P;5;0.9570057146;0.0164811054417461;0.00737057442241721
397;Proline;30min;L;C;5;0.9465844634;0.0169289265775743;0.00757084612271179
398;Proline;30min;L;Fe;5;0.937079333;0.0167855379539053;0.00750672078076698
399;Proline;30min;L;P;5;0.947149071;0.019822703392458;0.00886498245667036
400;Proline;30min;U;C;5;0.964334626;0.00665335570810285;0.00297547112836084
401;Proline;30min;U;Fe;5;0.9503909664;0.00469913986063329;0.00210151923283098
402;Proline;30min;U;P;5;0.9552066404;0.0135660673064723;0.00606692973692193
403;Proline;60min;L;C;5;0.9440724794;0.0121461041445806;0.00543190290581484
404;Proline;60min;L;Fe;5;0.942385678;0.010889498608997;0.00486993182612135
405;Proline;60min;L;P;5;0.9573931998;0.0195257794320525;0.00873219402474734
406;Proline;60min;U;C;5;0.9455087336;0.00422906618943117;0.00189129589618282
407;Proline;60min;U;Fe;5;0.9465692892;0.00803226084750829;0.00359213625360772
408;Proline;60min;U;P;5;0.94598515;0.0120467192237851;0.0053874566180474
409;Serine;120min;L;C;5;0.9761443154;0.00749668388757347;0.00335261895568833
410;Serine;120min;L;Fe;5;0.9585629494;0.00867133458460384;0.00387793871736382
411;Serine;120min;L;P;5;0.955712512;0.00686694236006976;0.00307098998293776
412;Serine;120min;U;C;5;0.9769711162;0.00721687443167697;0.00322748436286197
413;Serine;120min;U;Fe;5;0.9548667136;0.00603961463922941;0.00270099777824396
414;Serine;120min;U;P;5;0.9648980758;0.010372409238779;0.00463868242967132
415;Serine;15min;L;C;5;0.9771850234;0.00868489526068707;0.00388400323607241
416;Serine;15min;L;Fe;4;0.96683482175;0.00259201440394346;0.00129600720197173
417;Serine;15min;L;P;5;0.9672762078;0.00432516995112261;0.00193427480498992
418;Serine;15min;U;C;5;0.980282366;0.0070180723757601;0.0031385773806426
419;Serine;15min;U;Fe;5;0.96185579;0.00793148054852961;0.00354706593374591
420;Serine;15min;U;P;5;0.9680188662;0.00889045063659516;0.00397593039480661
421;Serine;30min;L;C;5;0.970581738;0.0040347671846997;0.0018044027396748
422;Serine;30min;L;Fe;5;0.9618624324;0.0091466866885212;0.00409052264088517
423;Serine;30min;L;P;5;0.9637503682;0.00580187572542947;0.00259467770381324
424;Serine;30min;U;C;5;0.9766901686;0.00743521125680044;0.00332512755945549
425;Serine;30min;U;Fe;5;0.9666573944;0.0153130249839293;0.0068481929610437
426;Serine;30min;U;P;5;0.9665129408;0.00521168418134703;0.00233073602135046
427;Serine;60min;L;C;5;0.9686104996;0.00866796119826236;0.00387643009312903
428;Serine;60min;L;Fe;5;0.963817574;0.00797651586786863;0.003567206340832
429;Serine;60min;L;P;5;0.9717217066;0.00956394087574323;0.00427712438619015
430;Serine;60min;U;C;5;0.9774327878;0.00779366632443018;0.00348543353907536
431;Serine;60min;U;Fe;5;0.96951074;0.00393761636865407;0.00176095557392528
432;Serine;60min;U;P;5;0.960566039;0.00554392123062245;0.00247931694671522
433;Threonine;120min;L;C;5;0.987213005;0.00503891860566993;0.00225347290707328
434;Threonine;120min;L;Fe;5;0.9785320414;0.0084509276670481;0.00377936974729065
435;Threonine;120min;L;P;5;0.9821139554;0.00516569738547218;0.00231017010102174
436;Threonine;120min;U;C;5;0.9887277618;0.00415550566274246;0.00185839862855549
437;Threonine;120min;U;Fe;5;0.9809171968;0.0026377055217903;0.00117961777026993
438;Threonine;120min;U;P;5;0.9856266352;0.00725249930293661;0.00324341628962722
439;Threonine;15min;L;C;5;0.987382267;0.00246394956539982;0.00110191174427301
440;Threonine;15min;L;Fe;4;0.98595026225;0.00509916160093674;0.00254958080046837
441;Threonine;15min;L;P;5;0.9828123174;0.0065386455929757;0.00292417120533462
442;Threonine;15min;U;C;5;0.988098216;0.00190872783760638;0.000853609039086809
443;Threonine;15min;U;Fe;5;0.97407919;0.0239221921333527;0.0106983295561975
444;Threonine;15min;U;P;5;0.984829834;0.00353489062423187;0.00158085114576182
445;Threonine;30min;L;C;5;0.9867124858;0.003420823070505;0.00152983858492975
446;Threonine;30min;L;Fe;5;0.982270668;0.00943965120361892;0.00422154035503592
447;Threonine;30min;L;P;5;0.9802603906;0.00395978605695484;0.00177087015994137
448;Threonine;30min;U;C;5;0.9875547954;0.00150346666655592;0.000672370733664807
449;Threonine;30min;U;Fe;5;0.9795628508;0.0213895645033897;0.00956570404773918
450;Threonine;30min;U;P;5;0.9811880526;0.00844565528134288;0.00377701186472256
451;Threonine;60min;L;C;5;0.9834254178;0.00648137390026606;0.00289855852571757
452;Threonine;60min;L;Fe;5;0.9858352408;0.00274577176231813;0.00122794646224855
453;Threonine;60min;L;P;5;0.9836486064;0.00622619028933772;0.00278443694556165
454;Threonine;60min;U;C;5;0.9817283172;0.00999116636256705;0.00446818543224184
455;Threonine;60min;U;Fe;5;0.9855336852;0.00431154851022943;0.00192818311143219
456;Threonine;60min;U;P;5;0.9851311618;0.00589909381164005;0.0026381549536951
457;Tryptophan;120min;L;C;5;0.9429380798;0.00977282497215286;0.00437054019398826
458;Tryptophan;120min;L;Fe;5;0.946847949;0.0112786371439515;0.00504395986948594
459;Tryptophan;120min;L;P;5;0.9824110892;0.0222764374725408;0.00996232569702499
460;Tryptophan;120min;U;C;5;0.9609632854;0.0165583050264147;0.00740509912624796
461;Tryptophan;120min;U;Fe;5;0.9438384064;0.00257758449894593;0.00115273083147857
462;Tryptophan;120min;U;P;5;0.9860550472;0.00615516195463585;0.00275267210861725
463;Tryptophan;15min;L;C;5;0.9610146346;0.017011226543728;0.00760765178648494
464;Tryptophan;15min;L;Fe;4;0.950239585;0.0109349364448714;0.00546746822243571
465;Tryptophan;15min;L;P;5;0.984925349;0.00912076356215298;0.00407892946633544
466;Tryptophan;15min;U;C;5;0.9521284168;0.022047587724588;0.00985998097841373
467;Tryptophan;15min;U;Fe;5;0.9582455322;0.0231119199846832;0.0103359648352575
468;Tryptophan;15min;U;P;5;0.9891330746;0.00431921947483014;0.00193161367109223
469;Tryptophan;30min;L;C;5;0.955187641;0.0142000985082473;0.00635047711032687
470;Tryptophan;30min;L;Fe;5;0.9542802512;0.0154009339996327;0.00688750706803328
471;Tryptophan;30min;L;P;5;0.9840024412;0.00852413723095058;0.00381211005958847
472;Tryptophan;30min;U;C;5;0.9516917604;0.0113133656541975;0.0050594909314194
473;Tryptophan;30min;U;Fe;5;0.9630105522;0.0187303180140786;0.00837645286393372
474;Tryptophan;30min;U;P;5;0.9894505468;0.00372681935132918;0.00166668428188674
475;Tryptophan;60min;L;C;5;0.9632652398;0.0137228349700855;0.00613703836742449
476;Tryptophan;60min;L;Fe;5;0.9418099086;0.00680265104204724;0.00304223803144548
477;Tryptophan;60min;L;P;5;0.9876442382;0.00468283468498452;0.00209422733660384
478;Tryptophan;60min;U;C;5;0.947619074;0.00850337861198315;0.00380282652296243
479;Tryptophan;60min;U;Fe;5;0.9458293384;0.00743408945031706;0.0033246258723446
480;Tryptophan;60min;U;P;5;0.9829698246;0.00786840892202052;0.00351885944488074
481;Tyrosine;120min;L;C;5;0.9663814966;0.00795761728516612;0.00355875463771176
482;Tyrosine;120min;L;Fe;5;0.9336819952;0.00933369434353193;0.00417415500666853
483;Tyrosine;120min;L;P;5;0.9901854358;0.00481552259643155;0.00215356717456145
484;Tyrosine;120min;U;C;5;0.9534819192;0.0163974902748468;0.00733318058298984
485;Tyrosine;120min;U;Fe;5;0.945910929;0.00715966111787854;0.00320189779108771
486;Tyrosine;120min;U;P;5;0.9903515362;0.00229212576649225;0.0010250698053711
487;Tyrosine;15min;L;C;5;0.9686198412;0.0138604656300971;0.0061985886697393
488;Tyrosine;15min;L;Fe;4;0.93849324925;0.00590939073223392;0.00295469536611696
489;Tyrosine;15min;L;P;5;0.990609048;0.00218496195342767;0.000977144691223002
490;Tyrosine;15min;U;C;5;0.9471785302;0.00960346684227146;0.00429480093579685
491;Tyrosine;15min;U;Fe;5;0.9453037018;0.00442473064777607;0.00197879970211079
492;Tyrosine;15min;U;P;5;0.9909162346;0.00134655423326071;0.00060219736019221
493;Tyrosine;30min;L;C;5;0.9525814272;0.0151562294433853;0.00677807186359865
494;Tyrosine;30min;L;Fe;5;0.9396524086;0.00635160785695142;0.00284052538691303
495;Tyrosine;30min;L;P;5;0.9912100884;0.000616468104801314;0.00027569291765924
496;Tyrosine;30min;U;C;5;0.9533853922;0.0120723958638798;0.0053989395605845
497;Tyrosine;30min;U;Fe;5;0.9458668186;0.00537751137766148;0.00240489619804592
498;Tyrosine;30min;U;P;5;0.9917163066;0.000780913962711529;0.000349235341040343
499;Tyrosine;60min;L;C;5;0.9579612914;0.00604436190381785;0.00270312081950935
500;Tyrosine;60min;L;Fe;5;0.9416182366;0.00688728959493199;0.00308008954299898
501;Tyrosine;60min;L;P;5;0.9912182328;0.00183417919292244;0.000820269871658056
502;Tyrosine;60min;U;C;5;0.9419053788;0.0107028926707161;0.00478647911352111
503;Tyrosine;60min;U;Fe;5;0.9363411372;0.00663930558063666;0.00296918772033946
504;Tyrosine;60min;U;P;5;0.9873906898;0.00583486262324647;0.00260942989299037
505;Valine;120min;L;C;5;0.973229055;0.00488852846511185;0.00218621639158656
506;Valine;120min;L;Fe;5;0.958068487;0.00722323790876728;0.00323033019633141
507;Valine;120min;L;P;5;0.9677753348;0.0067588229832267;0.00302263752767656
508;Valine;120min;U;C;5;0.9708806858;0.00560686330864468;0.00250746549973578
509;Valine;120min;U;Fe;5;0.9559587226;0.00593442649885437;0.00265395621178289
510;Valine;120min;U;P;5;0.9685666486;0.00915989336406762;0.00409642884574089
511;Valine;15min;L;C;5;0.9692851596;0.00618502715564995;0.00276602823254309
512;Valine;15min;L;Fe;4;0.9583527355;0.00286747854457775;0.00143373927228887
513;Valine;15min;L;P;5;0.9672565388;0.00532927994868247;0.00238332644727612
514;Valine;15min;U;C;5;0.9736272128;0.00244197995403705;0.00109208663538373
515;Valine;15min;U;Fe;5;0.9567009522;0.00621624101728476;0.00277998749583423
516;Valine;15min;U;P;5;0.968131533;0.00450793633542169;0.00201601041684884
517;Valine;30min;L;C;5;0.9715865232;0.00912010108217205;0.00407863319628122
518;Valine;30min;L;Fe;5;0.9579759414;0.00881115054915431;0.00394046631757873
519;Valine;30min;L;P;5;0.968087631;0.00273672072456917;0.00122389871511383
520;Valine;30min;U;C;5;0.971849314;0.00790739066714288;0.00353629261127578
521;Valine;30min;U;Fe;5;0.9579963714;0.00781750247047369;0.00349609338765034
522;Valine;30min;U;P;5;0.9649683482;0.00613577099195089;0.0027440002064747
523;Valine;60min;L;C;5;0.9724572028;0.00359872868592134;0.00160940039485972
524;Valine;60min;L;Fe;5;0.9529157104;0.00315144714900144;0.00140937001053303
525;Valine;60min;L;P;5;0.9666184796;0.00937269947929898;0.00419159863367788
526;Valine;60min;U;C;5;0.96781349;0.0102869108494343;0.00460044638756303
527;Valine;60min;U;Fe;5;0.9628323638;0.00786618164706758;0.00351786337724087
528;Valine;60min;U;P;5;0.9696280264;0.00613932142554251;0.00274558800864679
